id_detalle_venta,cantidad,precio_unitario,subtotal,VENTA_id_venta,PRODUCTO_id_producto
1,6,6.19,37.14,1,94
2,1,77.74,77.74,1,35
3,3,3.95,11.85,2,43
4,6,120.1,720.6,3,81
5,1,55.51,55.51,3,32
6,5,241.68,1208.4,3,45
7,4,214.72,858.88,3,95
8,6,92.75,556.5,4,7
9,4,64.44,257.76,5,96
10,1,147.14,147.14,6,77
11,4,13.52,54.08,6,41
12,5,161.55,807.75,7,87
13,4,27.28,109.12,7,53
14,4,170.63,682.52,8,87
15,1,112.29,112.29,8,81
16,4,188.54,754.16,8,10
17,4,240.61,962.44,8,76
18,5,74.58,372.9,9,54
19,5,181.09,905.45,9,51
20,4,45.45,181.8,9,4
21,1,245.61,245.61,9,45
22,4,51.33,205.32,10,61
23,6,41.55,249.3,10,44
24,3,95.17,285.51,10,103
25,5,81.61,408.05,11,68
26,6,12.93,77.58,12,36
27,6,171.39,1028.34,12,9
28,3,46.76,140.28,12,40
29,1,116.28,116.28,13,81
30,6,72.53,435.18,13,64
31,6,158.36,950.16,13,30
32,1,28.72,28.72,14,66
33,6,229.37,1376.22,14,71
34,3,25.39,76.17,15,53
35,5,33.77,168.85,15,85
36,5,163.25,816.25,15,87
37,6,124.51,747.06,15,102
38,6,237.1,1422.6,16,88
39,1,212.08,212.08,17,73
40,1,46.76,46.76,17,40
41,1,52.41,52.41,17,110
42,6,136.4,818.4,17,8
43,2,106.02,212.04,18,65
44,6,178.91,1073.46,18,9
45,2,154.9,309.8,19,63
46,3,39.62,118.86,19,15
47,1,27.65,27.65,20,97
48,5,43.86,219.3,20,40
49,2,64.44,128.88,20,96
50,4,19.94,79.76,20,52
51,2,191.61,383.22,21,1
52,2,21.07,42.14,22,67
53,3,239.6,718.8,22,56
54,6,125.76,754.56,22,82
55,4,257.8,1031.2,22,23
56,4,130.87,523.48,23,50
57,3,124.51,373.53,24,102
58,4,206.05,824.2,24,73
59,5,52.91,264.55,24,61
60,6,148.46,890.76,25,83
61,3,77.73,233.19,25,68
62,6,24.11,144.66,25,20
63,4,221.8,887.2,26,108
64,6,117.06,702.36,27,31
65,5,52.82,264.1,27,110
66,2,5.64,11.28,28,13
67,2,113.83,227.66,28,82
68,2,67.02,134.04,28,105
69,2,72.53,145.06,28,54
70,2,197.93,395.86,29,55
71,6,43.73,262.38,29,11
72,3,246.34,739.02,29,28
73,5,129.36,646.8,30,38
74,5,221.76,1108.8,30,29
75,1,12.73,12.73,30,41
76,6,226.63,1359.78,30,108
77,6,183.85,1103.1,31,111
78,5,62.59,312.95,31,96
79,2,240.54,481.08,31,104
80,1,51.74,51.74,32,32
81,2,116.51,233.02,33,81
82,5,59.54,297.7,33,90
83,6,168.27,1009.62,33,75
84,4,89.63,358.52,34,7
85,6,256.47,1538.82,34,12
86,4,26.23,104.92,34,97
87,6,43.86,263.16,35,40
88,6,166.95,1001.7,36,87
89,2,151.33,302.66,36,24
90,6,112.14,672.84,36,82
91,2,96.47,192.94,36,47
92,4,214.6,858.4,37,95
93,3,210.97,632.91,37,99
94,3,143.4,430.2,38,49
95,6,105.59,633.54,38,17
96,2,137.69,275.38,38,8
97,6,150.14,900.84,38,37
98,3,72.53,217.59,39,64
99,6,151.96,911.76,40,83
100,2,259.85,519.7,40,58
101,4,52.41,209.64,41,110
102,2,95.38,190.76,41,57
103,1,154.34,154.34,41,37
104,1,141.87,141.87,41,63
105,4,250.31,1001.24,42,71
106,3,24.11,72.33,42,20
107,6,93.43,560.58,42,103
108,5,60.07,300.35,42,19
109,1,191.71,191.71,43,10
110,4,250.7,1002.8,43,23
111,6,5.64,33.84,43,13
112,6,144.93,869.58,43,63
113,3,163.75,491.25,44,107
114,1,89.16,89.16,44,103
115,6,180.25,1081.5,44,111
116,5,58.24,291.2,44,90
117,6,111.59,669.54,45,81
118,6,121.5,729,45,109
119,1,79.62,79.62,45,68
120,2,73.55,147.1,45,54
121,2,138.8,277.6,46,50
122,1,131.25,131.25,47,25
123,3,87.4,262.2,48,91
124,2,248.28,496.56,49,12
125,6,25.18,151.08,49,20
126,1,178.79,178.79,49,89
127,5,114.8,574,50,31
128,2,62.11,124.22,50,19
129,4,211.57,846.28,51,112
130,4,165.9,663.6,51,30
131,1,43.81,43.81,51,40
132,3,95.17,285.51,52,103
133,4,25.31,101.24,52,14
134,5,178.48,892.4,53,10
135,1,248.68,248.68,54,76
136,4,250.7,1002.8,54,23
137,1,210.97,210.97,55,99
138,1,20.04,20.04,55,18
139,2,152.3,304.6,55,27
140,1,57.04,57.04,56,114
141,6,32.72,196.32,56,85
142,5,152.68,763.4,56,60
143,6,204.45,1226.7,56,70
144,5,221.46,1107.3,57,55
145,4,14.29,57.16,57,21
146,6,83.11,498.66,57,91
147,3,87.4,262.2,58,91
148,4,238,952,58,106
149,3,212.08,636.24,58,73
150,1,164.53,164.53,58,107
151,4,120.14,480.56,59,2
152,6,24.74,148.44,59,20
153,5,202.39,1011.95,59,1
154,6,213.86,1283.16,60,70
155,4,119.37,477.48,60,17
156,3,247.67,743.01,61,76
157,2,198.98,397.96,61,46
158,6,143.19,859.14,62,49
159,5,42.96,214.8,63,4
160,3,151.77,455.31,64,27
161,4,11.07,44.28,65,84
162,3,95.04,285.12,66,47
163,3,262.78,788.34,66,88
164,3,223.45,670.35,66,95
165,4,26.96,107.84,67,53
166,1,106.26,106.26,67,48
167,3,200.93,602.79,67,79
168,6,213.86,1283.16,67,70
169,4,76.46,305.84,68,54
170,6,141.64,849.84,68,63
171,5,42.33,211.65,69,44
172,6,67.05,402.3,69,64
173,1,138.3,138.3,70,77
174,4,76.75,307,71,68
175,2,153.08,306.16,71,74
176,5,260.3,1301.5,71,45
177,4,228.62,914.48,72,112
178,6,199.58,1197.48,72,51
179,2,26.23,52.46,73,97
180,4,206.82,827.28,73,29
181,4,211.57,846.28,74,112
182,3,244.34,733.02,75,106
183,3,71.46,214.38,75,105
184,3,44.03,132.09,75,4
185,6,22.51,135.06,75,52
186,3,233.26,699.78,76,92
187,5,72.96,364.8,76,105
188,1,126.46,126.46,76,109
189,5,200.31,1001.55,77,70
190,1,164.53,164.53,78,107
191,1,13.51,13.51,78,21
192,5,24,120,78,100
193,6,173.54,1041.24,78,98
194,2,72.53,145.06,79,54
195,1,237.95,237.95,79,69
196,1,121.4,121.4,80,102
197,2,78.59,157.18,81,35
198,3,229.62,688.86,82,112
199,2,72.32,144.64,82,105
200,2,99.54,199.08,82,48
201,1,212.87,212.87,82,72
202,5,66.6,333,83,96
203,1,138.23,138.23,83,93
204,6,106.26,637.56,84,48
205,2,72.46,144.92,84,105
206,2,29.64,59.28,84,66
207,3,69.16,207.48,85,105
208,3,116.86,350.58,85,2
209,1,112.29,112.29,85,81
210,6,178.57,1071.42,86,98
211,2,42.33,84.66,87,44
212,5,156.58,782.9,87,24
213,4,26.78,107.12,88,14
214,2,239.29,478.58,88,71
215,4,59.49,237.96,88,19
216,2,47.14,94.28,88,40
217,1,23.06,23.06,89,100
218,3,27.28,81.84,89,53
219,2,265.75,531.5,90,88
220,1,206.82,206.82,91,29
221,1,202.39,202.39,92,1
222,3,59.04,177.12,93,90
223,3,181.43,544.29,93,10
224,4,217.71,870.84,93,29
225,2,26.96,53.92,93,53
226,2,56.26,112.52,94,5
227,1,218.11,218.11,94,56
228,2,177.55,355.1,94,98
229,2,158.36,316.72,95,30
230,1,72.53,72.53,95,64
231,2,94.82,189.64,95,57
232,1,59.61,59.61,95,90
233,5,54.04,270.2,96,61
234,3,241.31,723.93,96,108
235,4,240.23,960.92,97,69
236,1,46.57,46.57,98,11
237,1,237.95,237.95,98,69
238,5,99.68,498.4,98,65
239,4,113.83,455.32,98,82
240,6,46.88,281.28,99,4
241,3,242.72,728.16,99,80
242,2,135.8,271.6,99,8
243,6,248.28,1489.68,99,12
244,5,251.34,1256.7,100,28
245,5,73.44,367.2,100,64
246,6,21.66,129.96,100,52
247,6,177.55,1065.3,100,98
248,3,198.02,594.06,101,70
249,3,44.51,133.53,101,11
250,2,217.65,435.3,102,55
251,1,203.19,203.19,102,79
252,5,120,600,103,31
253,5,241.54,1207.7,104,80
254,1,160.84,160.84,105,33
255,3,165.9,497.7,105,30
256,1,242.72,242.72,105,80
257,3,178.48,535.44,106,10
258,5,170.44,852.2,106,87
259,5,241.64,1208.2,106,62
260,3,179.66,538.98,106,75
261,4,231.66,926.64,107,80
262,5,259.85,1299.25,107,58
263,6,223.6,1341.6,108,16
264,4,69.35,277.4,108,105
265,2,20.86,41.72,108,67
266,3,13.19,39.57,108,21
267,2,207.98,415.96,109,95
268,5,257.05,1285.25,110,12
269,3,55.91,167.73,111,110
270,1,213.63,213.63,112,29
271,3,124.51,373.53,112,102
272,4,158.36,633.44,112,30
273,2,203.92,407.84,113,70
274,2,177.39,354.78,113,98
275,6,24.11,144.66,113,20
276,4,66.6,266.4,113,96
277,3,130.82,392.46,114,50
278,3,114.8,344.4,114,31
279,5,245.86,1229.3,114,28
280,5,151.22,756.1,115,27
281,1,19.98,19.98,116,52
282,6,191.33,1147.98,117,10
283,4,14,56,117,21
284,3,87.98,263.94,117,57
285,6,12.79,76.74,118,36
286,2,135.8,271.6,118,8
287,4,154.64,618.56,118,49
288,6,95.38,572.28,119,57
289,4,26.23,104.92,120,97
290,4,160.92,643.68,121,24
291,5,254.49,1272.45,122,71
292,2,231.97,463.94,122,101
293,4,25.98,103.92,122,14
294,2,209.26,418.52,122,29
295,1,241.98,241.98,123,45
296,2,255.16,510.32,123,23
297,1,57.2,57.2,123,32
298,6,161.55,969.3,124,87
299,3,251.21,753.63,125,58
300,6,198.93,1193.58,126,46
301,4,73.4,293.6,126,35
302,3,53.52,160.56,126,61
303,6,211.55,1269.3,126,95
304,6,91.94,551.64,127,7
305,5,19.93,99.65,127,18
306,6,21.51,129.06,128,67
307,4,33.23,132.92,128,85
308,3,247.12,741.36,128,92
309,5,254.49,1272.45,128,71
310,6,141.64,849.84,129,63
311,5,135.8,679,129,8
312,1,22.81,22.81,130,20
313,6,148.51,891.06,130,74
314,4,19.78,79.12,130,86
315,2,11.07,22.14,131,84
316,4,260.3,1041.2,131,45
317,4,218,872,131,29
318,3,5.57,16.71,131,13
319,1,47.14,47.14,132,40
320,4,256.47,1025.88,133,12
321,4,156.39,625.56,134,24
322,4,247.64,990.56,135,92
323,6,163.25,979.5,135,87
324,2,120.79,241.58,135,2
325,4,136.77,547.08,136,50
326,2,239.69,479.38,136,69
327,5,211.3,1056.5,136,73
328,2,30.46,60.92,137,66
329,4,242.93,971.72,137,58
330,3,194.3,582.9,137,79
331,5,41.41,207.05,137,11
332,2,236.58,473.16,138,101
333,1,126.22,126.22,138,38
334,1,248.11,248.11,138,45
335,2,96.6,193.2,139,103
336,2,204,408,139,95
337,1,213.36,213.36,140,70
338,2,25.06,50.12,140,53
339,6,121,726,140,109
340,1,235.14,235.14,140,28
341,2,12.89,25.78,141,36
342,4,201.49,805.96,142,79
343,1,166.52,166.52,142,98
344,4,51.45,205.8,142,114
345,2,150.33,300.66,143,27
346,6,213.6,1281.6,143,70
347,5,148.51,742.55,143,74
348,6,78.5,471,143,35
349,5,52.77,263.85,144,61
350,1,231.35,231.35,145,71
351,2,46.77,93.54,145,40
352,6,42,252,146,15
353,5,34.35,171.75,146,85
354,6,5.08,30.48,147,13
355,3,122.23,366.69,147,102
356,4,200.31,801.24,147,70
357,3,51.8,155.4,148,61
358,5,162.2,811,148,98
359,1,21.09,21.09,148,18
360,5,124.42,622.1,148,109
361,2,44.6,89.2,149,11
362,3,22.13,66.39,150,86
363,1,19.02,19.02,151,18
364,3,62.88,188.64,151,96
365,6,212.42,1274.52,151,55
366,2,237.02,474.04,152,108
367,1,259.09,259.09,152,58
368,5,246.97,1234.85,152,71
369,4,76.06,304.24,153,54
370,4,147.8,591.2,153,83
371,3,89.16,267.48,154,103
372,1,201.8,201.8,154,70
373,6,191.42,1148.52,155,1
374,3,43.28,129.84,156,44
375,4,103.33,413.32,156,65
376,5,22.43,112.15,156,100
377,2,133.62,267.24,157,50
378,6,243.36,1460.16,158,56
379,3,239.69,719.07,158,69
380,5,23.52,117.6,158,20
381,1,152.24,152.24,158,63
382,6,28.27,169.62,159,53
383,5,251.94,1259.7,159,71
384,4,136.77,547.08,159,50
385,6,19.81,118.86,160,18
386,4,135.8,543.2,160,8
387,3,12.93,38.79,161,41
388,6,230.62,1383.72,161,56
389,1,42.72,42.72,161,11
390,3,149.21,447.63,161,27
391,1,231.35,231.35,162,71
392,5,231.35,1156.75,163,71
393,5,218.2,1091,163,55
394,3,34.58,103.74,163,85
395,5,211.57,1057.85,164,112
396,2,160.84,321.68,164,33
397,4,154.64,618.56,164,49
398,6,251.39,1508.34,165,58
399,1,240.87,240.87,165,104
400,1,174.32,174.32,166,33
401,3,204.45,613.35,166,70
402,4,162.93,651.72,166,37
403,2,210.97,421.94,166,99
404,2,21.31,42.62,167,52
405,5,152.24,761.2,167,63
406,3,219.14,657.42,167,72
407,5,65.49,327.45,167,42
408,5,199.03,995.15,168,73
409,6,268.43,1610.58,169,88
410,3,52.05,156.15,169,61
411,4,23.23,92.92,169,20
412,2,56.14,112.28,169,32
413,2,42.82,85.64,170,15
414,3,199.5,598.5,170,95
415,6,98.05,588.3,170,103
416,1,43.27,43.27,170,4
417,3,83.36,250.08,171,7
418,1,220.59,220.59,172,56
419,1,239.1,239.1,172,108
420,5,130.82,654.1,173,50
421,3,24.74,74.22,173,20
422,6,34.35,206.1,173,85
423,6,170.24,1021.44,174,10
424,6,20.07,120.42,174,86
425,1,12.5,12.5,174,41
426,2,180.94,361.88,174,75
427,4,253.48,1013.92,175,23
428,6,118.38,710.28,175,81
429,1,42,42,175,15
430,3,199.58,598.74,175,51
431,5,248.24,1241.2,176,101
432,5,45.81,229.05,176,4
433,6,59.63,357.78,176,19
434,3,138.8,416.4,176,50
435,5,193.32,966.6,177,79
436,3,240.61,721.83,177,76
437,1,32.51,32.51,178,66
438,3,85.32,255.96,179,57
439,1,251.21,251.21,180,58
440,3,177.39,532.17,180,98
441,3,25.34,76.02,181,53
442,4,4.11,16.44,182,43
443,5,146.65,733.25,182,60
444,5,99.68,498.4,183,65
445,4,222.12,888.48,183,101
446,6,137.63,825.78,183,25
447,3,57.78,173.34,183,113
448,1,107.08,107.08,184,48
449,4,133.62,534.48,184,50
450,1,160.92,160.92,184,24
451,2,195.06,390.12,184,34
452,4,244.34,977.36,185,106
453,6,19.98,119.88,185,18
454,1,114.8,114.8,185,31
455,5,118.04,590.2,186,2
456,2,53.65,107.3,187,114
457,5,52,260,188,110
458,4,129.48,517.92,189,109
459,1,137.63,137.63,189,25
460,6,21.37,128.22,190,67
461,5,146.11,730.55,190,27
462,1,189.08,189.08,190,111
463,3,21.28,63.84,191,18
464,3,120,360,191,31
465,4,193.32,773.28,192,79
466,6,166.85,1001.1,193,24
467,6,19.81,118.86,193,18
468,6,186.68,1120.08,193,46
469,5,101.75,508.75,193,65
470,5,63.39,316.95,194,39
471,2,178.79,357.58,194,89
472,6,151.77,910.62,195,27
473,3,57.02,171.06,195,114
474,4,138.23,552.92,195,93
475,5,213.63,1068.15,196,29
476,5,124.51,622.55,196,102
477,3,171.39,514.17,196,98
478,6,177.89,1067.34,197,9
479,1,237.1,237.1,197,88
480,1,72.32,72.32,198,105
481,1,133.1,133.1,198,109
482,3,249.84,749.52,199,101
483,3,59.61,178.83,200,90
484,2,44.6,89.2,200,11
485,2,158.36,316.72,200,30
486,1,240.14,240.14,201,88
487,4,242.52,970.08,202,101
488,5,242.94,1214.7,202,45
489,3,251.37,754.11,202,69
490,3,146.09,438.27,202,8
491,5,175.05,875.25,203,89
492,3,181.43,544.29,203,10
493,1,251.34,251.34,203,28
494,1,212.65,212.65,203,72
495,3,21.11,63.33,204,18
496,1,113.61,113.61,204,82
497,2,241.68,483.36,204,88
498,4,143.12,572.48,205,77
499,2,26.58,53.16,206,53
500,1,203.96,203.96,207,29
501,1,107.3,107.3,208,17
502,1,249.63,249.63,208,80
503,1,235.45,235.45,209,112
504,2,95.38,190.76,209,57
505,6,183.54,1101.24,210,51
506,4,124.51,498.04,210,102
507,5,213.63,1068.15,210,29
508,2,33.77,67.54,210,85
509,2,43.27,86.54,211,4
510,1,256.97,256.97,212,92
511,5,132.77,663.85,213,109
512,4,5.06,20.24,213,13
513,3,80.96,242.88,214,68
514,3,46.57,139.71,214,11
515,5,171.22,856.1,214,107
516,4,12.73,50.92,215,36
517,2,57.76,115.52,216,5
518,1,258.16,258.16,216,45
519,3,110.69,332.07,217,6
520,3,180.56,541.68,217,26
521,5,52,260,217,110
522,4,101.75,407,217,65
523,2,77.64,155.28,218,35
524,4,160.46,641.84,218,27
525,2,236.52,473.04,218,12
526,6,243.36,1460.16,218,56
527,1,213.36,213.36,219,70
528,3,77.23,231.69,219,54
529,6,195.71,1174.26,219,51
530,4,249.63,998.52,220,80
531,4,86.85,347.4,220,47
532,5,115.63,578.15,220,2
533,6,112.53,675.18,220,31
534,3,57.02,171.06,221,114
535,6,31.13,186.78,221,85
536,3,68.51,205.53,222,64
537,6,240.4,1442.4,222,56
538,5,25.06,125.3,222,53
539,1,55.84,55.84,223,61
540,5,259.33,1296.65,224,23
541,2,5.06,10.12,225,13
542,5,50.02,250.1,225,61
543,6,147.35,884.1,225,60
544,1,83.36,83.36,225,7
545,3,162.46,487.38,226,98
546,3,43.15,129.45,226,44
547,4,159.24,636.96,227,49
548,1,198.98,198.98,228,46
549,3,228.62,685.86,228,112
550,5,171.5,857.5,228,98
551,3,238.84,716.52,228,56
552,2,176.37,352.74,229,111
553,4,22.78,91.12,230,67
554,1,72.53,72.53,231,54
555,5,237.95,1189.75,231,69
556,4,5.64,22.56,231,13
557,6,233.93,1403.58,231,72
558,3,57.51,172.53,232,5
559,2,177.31,354.62,232,75
560,6,253.48,1520.88,233,23
561,2,253.45,506.9,234,28
562,4,244.26,977.04,234,23
563,4,248.48,993.92,235,92
564,1,105.95,105.95,236,6
565,1,121.4,121.4,237,102
566,5,55.51,277.55,238,32
567,2,12.79,25.58,238,36
568,6,242.72,1456.32,238,80
569,1,84.16,84.16,239,7
570,6,75.4,452.4,240,68
571,5,5.06,25.3,240,13
572,5,61.73,308.65,240,19
573,1,83.36,83.36,240,7
574,5,56.09,280.45,241,5
575,3,19.93,59.79,241,18
576,2,196.59,393.18,242,1
577,2,106.79,213.58,242,65
578,1,66.13,66.13,242,64
579,6,247.12,1482.72,242,92
580,2,234.17,468.34,243,80
581,1,187.11,187.11,243,10
582,3,148.6,445.8,243,37
583,6,12.42,74.52,244,41
584,5,41.67,208.35,245,15
585,5,185.06,925.3,245,78
586,1,110.24,110.24,246,17
587,6,148.6,891.6,246,37
588,3,124.42,373.26,247,109
589,1,206.82,206.82,247,29
590,1,86.29,86.29,248,91
591,6,171.7,1030.2,248,30
592,6,6.19,37.14,248,94
593,3,236.56,709.68,248,28
594,2,31.13,62.26,249,85
595,3,41.41,124.23,250,11
596,2,51.33,102.66,250,61
597,4,78.39,313.56,251,54
598,6,24.11,144.66,251,20
599,2,218.85,437.7,252,95
600,3,177.25,531.75,252,10
601,1,177.89,177.89,253,9
602,3,196.06,588.18,254,73
603,6,100.24,601.44,254,6
604,4,232.01,928.04,254,12
605,6,170.24,1021.44,254,10
606,5,179.39,896.95,255,89
607,3,193.43,580.29,255,111
608,4,240.23,960.92,256,69
609,6,73.33,439.98,257,59
610,1,122.75,122.75,257,102
611,3,241.68,725.04,258,88
612,4,26.96,107.84,259,53
613,6,172.36,1034.16,259,30
614,1,248.59,248.59,260,58
615,5,229.77,1148.85,260,12
616,2,241.36,482.72,261,80
617,1,221.76,221.76,261,29
618,6,47.14,282.84,262,40
619,6,211.56,1269.36,262,95
620,6,21.51,129.06,262,52
621,4,249.2,996.8,263,106
622,5,77.46,387.3,263,59
623,2,182.06,364.12,264,1
624,4,232.31,929.24,264,92
625,5,101.65,508.25,264,22
626,3,191.33,573.99,264,10
627,2,44.6,89.2,265,11
628,3,127.19,381.57,266,38
629,2,12.89,25.78,266,36
630,6,65.64,393.84,266,96
631,1,51.74,51.74,266,32
632,2,72.94,145.88,267,105
633,1,41.41,41.41,267,11
634,4,257.05,1028.2,267,12
635,3,34.58,103.74,267,85
636,6,241.68,1450.08,268,45
637,1,218.11,218.11,269,56
638,1,218.85,218.85,269,108
639,4,205.33,821.32,269,95
640,6,56.14,336.84,269,32
641,2,198.02,396.04,270,70
642,6,23.25,139.5,270,100
643,5,239.6,1198,270,56
644,4,95.88,383.52,270,22
645,5,12.19,60.95,271,36
646,3,158.36,475.08,271,30
647,5,109.18,545.9,271,48
648,2,254.23,508.46,272,71
649,2,201.49,402.98,272,79
650,5,214.46,1072.3,272,73
651,6,84.16,504.96,272,7
652,1,141.64,141.64,273,63
653,5,242.72,1213.6,273,80
654,2,203.96,407.92,274,29
655,3,250.41,751.23,274,62
656,2,91.94,183.88,275,7
657,1,144.02,144.02,275,77
658,6,72.94,437.64,276,105
659,4,218.2,872.8,276,55
660,5,89.73,448.65,277,57
661,2,222.46,444.92,277,108
662,5,239.6,1198,278,56
663,1,21.28,21.28,278,18
664,2,77.46,154.92,278,59
665,5,245.55,1227.75,278,45
666,2,212.87,425.74,279,72
667,4,83.11,332.44,280,91
668,6,110.69,664.14,280,6
669,3,44.41,133.23,280,44
670,2,249.6,499.2,281,80
671,6,102.29,613.74,281,65
672,5,61.66,308.3,282,19
673,3,19.78,59.34,282,86
674,1,78.5,78.5,282,35
675,4,72.53,290.12,283,64
676,1,5.08,5.08,284,13
677,4,110.73,442.92,284,6
678,6,196.32,1177.92,285,70
679,3,136.77,410.31,285,50
680,2,223.86,447.72,286,101
681,4,66.38,265.52,286,64
682,5,93.43,467.15,287,103
683,6,118.04,708.24,287,2
684,1,151.77,151.77,287,27
685,6,90.58,543.48,288,47
686,1,77.74,77.74,288,35
687,6,249.2,1495.2,289,106
688,6,158.91,953.46,289,24
689,3,22.33,66.99,290,67
690,2,177.89,355.78,290,9
691,2,218.48,436.96,290,55
692,5,86.29,431.45,291,91
693,4,236.56,946.24,291,28
694,2,153.62,307.24,291,83
695,5,58.04,290.2,291,5
696,3,164.53,493.59,292,107
697,2,227.22,454.44,292,92
698,4,78.66,314.64,292,68
699,6,146.29,877.74,293,27
700,1,148.13,148.13,293,83
701,6,24.88,149.28,293,20
702,3,181.18,543.54,293,107
703,2,239.78,479.56,294,28
704,1,171.39,171.39,294,9
705,4,45.03,180.12,294,11
706,5,105.33,526.65,295,48
707,3,21.11,63.33,295,18
708,4,249.63,998.52,295,80
709,6,169.12,1014.72,295,3
710,2,211.3,422.6,296,73
711,5,65.49,327.45,296,42
712,2,159.36,318.72,296,30
713,4,81.68,326.72,297,68
714,2,63.39,126.78,297,39
715,4,125.34,501.36,297,50
716,2,140.45,280.9,298,63
717,5,247.82,1239.1,299,62
718,2,72.32,144.64,300,105
719,1,236.44,236.44,301,16
720,2,147.96,295.92,301,77
721,5,47.75,238.75,301,40
722,2,72.91,145.82,302,54
723,1,238,238,302,106
724,2,69.16,138.32,302,105
725,3,67.6,202.8,302,42
726,1,66.13,66.13,303,64
727,3,77.56,232.68,303,59
728,4,56.76,227.04,303,19
729,1,60.07,60.07,304,19
730,4,81.51,326.04,305,91
731,3,149.21,447.63,305,27
732,6,147.8,886.8,305,83
733,6,177.25,1063.5,305,10
734,5,93.43,467.15,306,103
735,4,78.39,313.56,306,54
736,6,251.21,1507.26,306,58
737,4,13.81,55.24,307,21
738,3,231.05,693.15,307,72
739,1,51.33,51.33,307,61
740,4,53.23,212.92,308,114
741,1,179.19,179.19,308,51
742,1,176.04,176.04,309,111
743,2,249.84,499.68,309,101
744,6,209.95,1259.7,309,34
745,2,73.33,146.66,309,59
746,1,185.06,185.06,310,78
747,2,244.53,489.06,310,76
748,5,42.33,211.65,310,44
749,6,145.15,870.9,310,77
750,2,51.8,103.6,311,61
751,6,43.28,259.68,311,44
752,3,201.8,605.4,311,70
753,2,52.21,104.42,312,32
754,6,153.31,919.86,312,83
755,1,91.86,91.86,312,57
756,4,186.93,747.72,313,51
757,6,240.23,1441.38,314,69
758,3,251.39,754.17,314,58
759,1,249.77,249.77,314,106
760,5,163.14,815.7,315,89
761,1,52.86,52.86,315,61
762,3,76.98,230.94,315,54
763,3,12.5,37.5,316,41
764,4,249.6,998.4,316,80
765,4,175.96,703.84,317,98
766,6,192.65,1155.9,317,51
767,4,76.12,304.48,317,54
768,5,115.63,578.15,318,2
769,4,237.1,948.4,319,88
770,2,20.15,40.3,320,86
771,4,110.43,441.72,320,17
772,5,5.53,27.65,320,13
773,3,57.41,172.23,320,19
774,2,33.23,66.46,321,85
775,2,171.39,342.78,321,9
776,4,196.59,786.36,321,1
777,3,154.71,464.13,321,27
778,5,61.07,305.35,322,39
779,2,4.39,8.78,322,43
780,2,147.35,294.7,322,60
781,5,133.62,668.1,322,50
782,6,12.81,76.86,323,41
783,4,123.14,492.56,323,81
784,6,96.6,579.6,324,103
785,2,125.76,251.52,324,82
786,4,95.04,380.16,325,103
787,2,171.39,342.78,325,9
788,5,154.9,774.5,326,63
789,1,74.47,74.47,327,54
790,4,180.94,723.76,327,75
791,3,112.1,336.3,327,17
792,6,249.6,1497.6,327,80
793,4,68.46,273.84,328,64
794,2,237.1,474.2,329,88
795,3,57.04,171.12,330,114
796,1,151.96,151.96,330,83
797,3,191.42,574.26,331,1
798,5,114.52,572.6,331,82
799,3,25.64,76.92,331,97
800,5,75.4,377,331,68
801,3,248.36,745.08,332,101
802,3,107.55,322.65,332,31
803,6,221.46,1328.76,332,55
804,3,26.85,80.55,333,14
805,4,212.87,851.48,333,72
806,5,19.93,99.65,334,18
807,4,56.09,224.36,334,5
808,4,196.34,785.36,334,99
809,2,136.4,272.8,335,8
810,4,52.41,209.64,335,110
811,4,157.36,629.44,335,83
812,1,117.5,117.5,335,31
813,2,172.83,345.66,336,26
814,3,169.25,507.75,336,30
815,4,63.47,253.88,336,96
816,3,227.82,683.46,337,92
817,5,118.04,590.2,337,2
818,5,20.67,103.35,337,86
819,6,141.74,850.44,337,8
820,2,64.04,128.08,338,90
821,6,171.7,1030.2,338,30
822,2,203.19,406.38,339,79
823,4,19.81,79.24,340,18
824,1,46.88,46.88,340,4
825,5,122.29,611.45,341,82
826,5,255.16,1275.8,341,23
827,2,110.95,221.9,341,2
828,5,53.83,269.15,341,113
829,6,144.02,864.12,342,77
830,5,151.33,756.65,342,24
831,4,52.36,209.44,343,114
832,5,67.15,335.75,343,96
833,4,221.13,884.52,344,99
834,1,33.22,33.22,344,85
835,3,178.01,534.03,344,111
836,2,194.13,388.26,345,73
837,2,64.72,129.44,345,90
838,1,182.06,182.06,345,1
839,2,73.55,147.1,345,54
840,2,95.04,190.08,346,103
841,3,77.56,232.68,346,59
842,3,110.56,331.68,347,31
843,4,65.85,263.4,347,64
844,3,20.04,60.12,347,18
845,3,104.73,314.19,347,65
846,5,160.84,804.2,348,33
847,4,186.68,746.72,348,46
848,4,132.88,531.52,348,93
849,6,127.03,762.18,349,25
850,5,95.78,478.9,350,103
851,5,141.45,707.25,350,25
852,4,180.73,722.92,350,26
853,3,195.71,587.13,350,51
854,6,110.56,663.36,351,31
855,4,22.51,90.04,352,52
856,3,163.14,489.42,352,89
857,1,253.48,253.48,352,23
858,1,95.04,95.04,353,103
859,4,110.95,443.8,353,2
860,2,163,326,353,37
861,6,234.92,1409.52,354,76
862,6,102.29,613.74,355,65
863,3,191.42,574.26,355,1
864,3,4.39,13.17,355,43
865,5,12.5,62.5,355,41
866,1,73.86,73.86,356,59
867,5,200.23,1001.15,356,29
868,4,178.79,715.16,356,89
869,1,107.55,107.55,356,31
870,1,232.7,232.7,357,106
871,2,248.68,497.36,358,76
872,6,156.59,939.54,358,60
873,3,46.57,139.71,358,11
874,1,171.7,171.7,358,30
875,1,183.43,183.43,359,79
876,6,47.14,282.84,360,40
877,2,218.4,436.8,360,73
878,5,170.54,852.7,360,75
879,5,55.51,277.55,361,32
880,2,241.31,482.62,362,108
881,2,25.37,50.74,362,20
882,4,44.6,178.4,363,11
883,5,174.34,871.7,363,107
884,1,218.48,218.48,363,55
885,1,129.03,129.03,363,25
886,1,95.17,95.17,364,103
887,5,261.64,1308.2,364,45
888,3,231.35,694.05,364,71
889,3,60.07,180.21,365,19
890,1,227.82,227.82,365,92
891,4,12.73,50.92,365,36
892,6,77.73,466.38,365,68
893,2,71.03,142.06,366,59
894,5,239.29,1196.45,366,71
895,1,52.91,52.91,366,61
896,2,52.77,105.54,367,61
897,6,101.52,609.12,367,65
898,6,249.84,1499.04,367,101
899,2,178.16,356.32,367,107
900,1,204.45,204.45,368,70
901,1,144.14,144.14,368,49
902,3,72.3,216.9,368,59
903,1,52.77,52.77,369,61
904,3,58.38,175.14,369,39
905,4,10.44,41.76,370,84
906,4,46.88,187.52,371,4
907,1,12.93,12.93,372,41
908,6,242.92,1457.52,372,76
909,6,214.46,1286.76,373,73
910,5,222.05,1110.25,373,62
911,5,254.23,1271.15,373,71
912,6,211.57,1269.42,374,112
913,2,241.54,483.08,375,80
914,6,120,720,375,31
915,5,211.39,1056.95,375,73
916,3,10.44,31.32,376,84
917,3,253.27,759.81,376,71
918,2,6.34,12.68,376,94
919,6,238.46,1430.76,377,16
920,1,194.52,194.52,377,1
921,5,19.78,98.9,377,86
922,5,163.75,818.75,378,107
923,1,162.2,162.2,378,98
924,5,51.8,259,378,61
925,5,200.23,1001.15,379,29
926,5,248.28,1241.4,379,12
927,5,81.68,408.4,379,68
928,2,237.41,474.82,380,23
929,4,239.59,958.36,381,88
930,4,211.57,846.28,381,112
931,3,200.23,600.69,381,29
932,2,135.8,271.6,381,8
933,4,155.96,623.84,382,87
934,2,44.51,89.02,382,11
935,2,6.81,13.62,383,94
936,3,211.56,634.68,383,95
937,5,226.72,1133.6,384,56
938,3,13.16,39.48,384,41
939,5,206.82,1034.1,384,29
940,1,238.84,238.84,385,56
941,4,198.98,795.92,385,46
942,3,245.86,737.58,385,28
943,1,22.51,22.51,385,52
944,6,230.62,1383.72,386,56
945,6,22.51,135.06,387,52
946,1,31.13,31.13,388,85
947,5,21.51,107.55,389,86
948,5,87.78,438.9,389,91
949,5,84.06,420.3,389,7
950,4,143.89,575.56,389,8
951,4,45.92,183.68,390,11
952,6,101.52,609.12,390,65
953,4,172.83,691.32,391,9
954,6,154.9,929.4,391,63
955,1,147.35,147.35,391,60
956,2,203.19,406.38,391,79
957,3,54.06,162.18,392,110
958,2,179.19,358.38,392,51
959,3,108.35,325.05,392,17
960,4,77.12,308.48,392,68
961,4,152.87,611.48,393,83
962,1,77.12,77.12,393,68
963,3,54.04,162.12,393,61
964,2,156.28,312.56,394,24
965,4,33.23,132.92,394,85
966,2,83.78,167.56,394,91
967,1,192.95,192.95,395,26
968,2,235.45,470.9,395,112
969,1,21.54,21.54,396,52
970,6,226.86,1361.16,397,108
971,3,23.97,71.91,397,20
972,1,147.96,147.96,398,77
973,4,231.97,927.88,398,101
974,4,256.97,1027.88,399,92
975,4,78.49,313.96,399,91
976,4,142.92,571.68,399,63
977,3,124.05,372.15,400,81
978,3,188.93,566.79,400,10
979,4,138.42,553.68,400,38
980,3,68.83,206.49,400,105
981,2,106.79,213.58,401,65
982,5,190.79,953.95,401,10
983,5,12.89,64.45,402,36
984,2,151.33,302.66,402,24
985,6,42.28,253.68,402,44
986,2,72.1,144.2,403,105
987,1,52.7,52.7,403,110
988,5,196.18,980.9,403,51
989,4,219.01,876.04,403,95
990,5,28.2,141,404,97
991,3,3.98,11.94,405,43
992,5,197.12,985.6,405,70
993,3,228.52,685.56,406,101
994,1,39.06,39.06,406,15
995,5,146.11,730.55,406,27
996,1,77.23,77.23,406,54
997,5,61.93,309.65,407,39
998,2,140.24,280.48,407,93
999,3,45.3,135.9,408,11
1000,2,116.38,232.76,408,17
1001,1,251.94,251.94,408,71
1002,3,180.25,540.75,408,111
1003,2,25.34,50.68,409,53
1004,2,41.81,83.62,409,15
1005,1,163,163,410,37
1006,1,45.81,45.81,411,4
1007,2,100.68,201.36,411,6
1008,2,188.97,377.94,411,10
1009,6,13.19,79.14,411,21
1010,5,208.18,1040.9,412,55
1011,2,30.97,61.94,412,85
1012,3,45.81,137.43,413,4
1013,4,13.44,53.76,414,21
1014,6,44.59,267.54,414,40
1015,4,213.21,852.84,415,72
1016,2,189.16,378.32,415,46
1017,4,196.06,784.24,415,73
1018,6,156.67,940.02,416,30
1019,5,232.7,1163.5,416,106
1020,5,52.82,264.1,416,110
1021,4,59.04,236.16,417,90
1022,4,130.74,522.96,417,38
1023,4,61.44,245.76,417,19
1024,4,184.58,738.32,417,3
1025,6,10.44,62.64,418,84
1026,1,155.37,155.37,418,74
1027,5,159.82,799.1,418,24
1028,1,200.31,200.31,418,70
1029,4,6.53,26.12,419,94
1030,2,190.34,380.68,420,46
1031,1,229.34,229.34,420,108
1032,4,52.39,209.56,420,61
1033,4,233.09,932.36,421,72
1034,2,142.16,284.32,422,83
1035,2,24.64,49.28,422,20
1036,5,20.34,101.7,422,18
1037,2,57.37,114.74,422,113
1038,3,73.05,219.15,423,105
1039,4,229.23,916.92,423,56
1040,6,42.82,256.92,423,15
1041,1,185.06,185.06,424,78
1042,6,221.13,1326.78,424,99
1043,1,229.29,229.29,424,58
1044,1,60.17,60.17,424,90
1045,4,236.56,946.24,425,28
1046,3,171.22,513.66,425,107
1047,5,23.33,116.65,425,67
1048,4,191.03,764.12,426,51
1049,4,180.25,721,426,111
1050,1,257.57,257.57,426,88
1051,1,199.03,199.03,426,73
1052,4,256.97,1027.88,427,92
1053,1,193.53,193.53,428,51
1054,5,214.72,1073.6,428,95
1055,4,11.05,44.2,429,84
1056,6,120.1,720.6,430,81
1057,4,76.46,305.84,430,54
1058,1,97.36,97.36,431,48
1059,1,90.58,90.58,431,47
1060,1,227.82,227.82,432,92
1061,4,61.06,244.24,432,90
1062,5,24.03,120.15,433,100
1063,5,25.55,127.75,434,14
1064,3,217.3,651.9,434,34
1065,6,26.85,161.1,435,14
1066,6,159.82,958.92,435,24
1067,4,138.8,555.2,436,50
1068,6,238.89,1433.34,436,104
1069,4,141.13,564.52,437,25
1070,3,89.74,269.22,437,47
1071,3,130.82,392.46,437,50
1072,3,52.86,158.58,437,61
1073,5,77.73,388.65,438,68
1074,4,151.77,607.08,438,27
1075,2,6.53,13.06,439,94
1076,2,226.11,452.22,439,108
1077,3,225.56,676.68,439,72
1078,5,121,605,439,109
1079,6,20.07,120.42,440,86
1080,5,203.19,1015.95,440,79
1081,3,260.3,780.9,441,45
1082,5,76.75,383.75,441,68
1083,1,180.21,180.21,442,98
1084,3,55.84,167.52,443,113
1085,1,147.83,147.83,443,37
1086,3,233.26,699.78,443,92
1087,1,68.46,68.46,444,64
1088,5,192.44,962.2,444,46
1089,4,201.69,806.76,445,79
1090,6,3.97,23.82,445,43
1091,3,210.97,632.91,445,99
1092,6,244.82,1468.92,445,62
1093,4,114.8,459.2,446,31
1094,4,155.02,620.08,447,63
1095,6,214.6,1287.6,447,95
1096,1,236.56,236.56,448,28
1097,6,143.56,861.36,448,27
1098,2,145.74,291.48,448,74
1099,2,63.68,127.36,449,42
1100,5,21.11,105.55,449,18
1101,3,41.5,124.5,450,15
1102,1,217.45,217.45,450,95
1103,3,81.05,243.15,450,68
1104,5,171.7,858.5,451,30
1105,3,186.82,560.46,452,26
1106,5,194.3,971.5,452,79
1107,4,96.28,385.12,452,22
1108,6,241.68,1450.08,453,45
1109,1,248.48,248.48,453,92
1110,6,160.84,965.04,453,33
1111,5,81.68,408.4,454,68
1112,6,52.36,314.16,455,114
1113,2,178.57,357.14,455,98
1114,2,98.05,196.1,455,6
1115,6,44.51,267.06,455,11
1116,3,197.93,593.79,456,55
1117,2,239.78,479.56,457,101
1118,6,105.05,630.3,458,48
1119,1,162.93,162.93,458,37
1120,3,259.85,779.55,459,58
1121,6,265.75,1594.5,459,88
1122,2,187.1,374.2,459,75
1123,1,65.6,65.6,460,42
1124,6,226.11,1356.66,460,108
1125,6,116.32,697.92,460,81
1126,3,154.71,464.13,461,27
1127,4,179.19,716.76,461,51
1128,3,56.76,170.28,461,19
1129,4,105.3,421.2,462,22
1130,4,168.27,673.08,462,75
1131,4,22.31,89.24,462,52
1132,2,170.39,340.78,462,89
1133,1,243.49,243.49,463,23
1134,4,233.43,933.72,463,112
1135,1,96.47,96.47,464,47
1136,4,153.41,613.64,464,74
1137,4,44.59,178.36,464,40
1138,2,76.06,152.12,464,54
1139,3,24.74,74.22,465,20
1140,1,244.34,244.34,465,106
1141,3,204.49,613.47,466,46
1142,6,133.1,798.6,466,109
1143,2,143.89,287.78,466,8
1144,3,94.11,282.33,466,103
1145,5,98.05,490.25,467,103
1146,4,155.98,623.92,467,60
1147,1,169.12,169.12,467,3
1148,3,21.14,63.42,468,18
1149,5,262.78,1313.9,468,88
1150,3,203.45,610.35,468,99
1151,5,10.75,53.75,469,84
1152,2,47.75,95.5,469,40
1153,2,224.16,448.32,470,108
1154,5,150.9,754.5,470,37
1155,3,52.86,158.58,470,61
1156,1,171.22,171.22,471,107
1157,4,145.74,582.96,471,74
1158,2,191.71,383.42,471,10
1159,5,26.43,132.15,472,14
1160,2,197.45,394.9,472,29
1161,6,257,1542,472,45
1162,6,26.2,157.2,473,14
1163,1,182.06,182.06,473,1
1164,3,101.65,304.95,473,22
1165,5,237.06,1185.3,474,88
1166,2,154.2,308.4,474,27
1167,3,256.47,769.41,475,12
1168,1,167.88,167.88,475,87
1169,1,231.51,231.51,475,108
1170,1,180.25,180.25,475,111
1171,3,230.84,692.52,476,72
1172,5,106.79,533.95,476,65
1173,1,113.03,113.03,476,31
1174,6,54.04,324.24,476,61
1175,2,57.02,114.04,477,114
1176,5,245.86,1229.3,478,28
1177,1,198.98,198.98,478,46
1178,5,24.74,123.7,478,20
1179,4,19.98,79.92,478,18
1180,2,229.57,459.14,479,108
1181,5,147.83,739.15,480,37
1182,3,19.76,59.28,480,18
1183,2,155.96,311.92,481,87
1184,2,27.44,54.88,481,14
1185,5,29.37,146.85,481,66
1186,4,23.25,93,481,100
1187,3,66.6,199.8,482,96
1188,3,11.05,33.15,483,84
1189,4,162.93,651.72,483,37
1190,1,233.48,233.48,483,112
1191,2,153.56,307.12,484,60
1192,2,257.05,514.1,485,12
1193,5,61.66,308.3,485,19
1194,5,41.41,207.05,486,11
1195,2,53.61,107.22,486,32
1196,4,110.24,440.96,486,17
1197,4,41.55,166.2,486,44
1198,3,202.39,607.17,487,1
1199,3,121,363,488,109
1200,6,38.51,231.06,489,15
1201,1,82.48,82.48,489,91
1202,3,95.17,285.51,489,103
1203,4,206.82,827.28,490,29
1204,2,201.8,403.6,490,70
1205,4,175.61,702.44,491,10
1206,1,94.9,94.9,492,57
1207,5,110.24,551.2,492,17
1208,1,95.17,95.17,492,103
1209,6,213.6,1281.6,492,70
1210,4,155.26,621.04,493,63
1211,1,60.89,60.89,493,90
1212,6,53.52,321.12,493,61
1213,3,45.45,136.35,494,4
1214,6,148.14,888.84,495,83
1215,3,205.33,615.99,495,95
1216,4,72.08,288.32,496,64
1217,6,33.83,202.98,496,85
1218,5,59.54,297.7,496,90
1219,6,218,1308,497,29
1220,4,52.6,210.4,497,110
1221,2,211.3,422.6,498,73
1222,6,19.76,118.56,498,18
1223,6,22.43,134.58,499,100
1224,6,167.88,1007.28,499,87
1225,3,26.23,78.69,499,97
1226,6,116.86,701.16,500,2
1227,6,13.51,81.06,500,21
1228,4,182.73,730.92,500,9
1229,2,114.67,229.34,501,17
1230,5,12.81,64.05,501,21
1231,6,245.55,1473.3,501,45
1232,2,230.33,460.66,502,58
1233,5,75.4,377,503,68
1234,1,20.89,20.89,504,86
1235,3,108.03,324.09,504,31
1236,6,54.22,325.32,504,5
1237,4,229.12,916.48,504,58
1238,5,150.98,754.9,505,37
1239,1,230.62,230.62,505,56
1240,1,123.56,123.56,505,102
1241,2,4.11,8.22,505,43
1242,6,87.06,522.36,506,91
1243,4,100.24,400.96,506,6
1244,2,223.77,447.54,506,112
1245,5,195.06,975.3,506,34
1246,6,125.34,752.04,507,50
1247,5,241.68,1208.4,507,45
1248,4,79.86,319.44,508,68
1249,1,240.81,240.81,508,104
1250,6,185.06,1110.36,508,78
1251,2,45.17,90.34,508,11
1252,2,71.46,142.92,509,105
1253,1,62.11,62.11,510,19
1254,4,175.61,702.44,510,10
1255,4,52.04,208.16,511,110
1256,2,113.83,227.66,512,82
1257,2,143.56,287.12,512,27
1258,1,6.19,6.19,512,94
1259,4,38.51,154.04,513,15
1260,1,26.58,26.58,513,97
1261,5,213.6,1068,513,70
1262,1,218.2,218.2,513,55
1263,5,139.82,699.1,514,8
1264,4,155.26,621.04,515,63
1265,4,25.06,100.24,515,53
1266,6,89.63,537.78,516,7
1267,4,86.29,345.16,517,91
1268,6,95.26,571.56,517,103
1269,6,67.05,402.3,518,64
1270,6,41.67,250.02,518,15
1271,3,208.39,625.17,518,34
1272,5,14.29,71.45,519,21
1273,3,248.28,744.84,519,12
1274,2,138.42,276.84,520,38
1275,4,57.76,231.04,521,5
1276,4,86.16,344.64,521,57
1277,6,103.9,623.4,521,22
1278,4,176.17,704.68,522,107
1279,3,42.33,126.99,523,44
1280,3,118.07,354.21,523,31
1281,2,208.39,416.78,523,34
1282,6,79.86,479.16,524,68
1283,6,208.39,1250.34,524,34
1284,6,13.56,81.36,525,21
1285,3,61.15,183.45,525,42
1286,6,46.77,280.62,526,40
1287,3,53.47,160.41,526,114
1288,5,41.55,207.75,526,44
1289,4,46.29,185.16,526,4
1290,2,44.41,88.82,527,44
1291,3,12.79,38.37,527,36
1292,4,166.85,667.4,527,24
1293,4,233.16,932.64,527,72
1294,4,208.47,833.88,528,70
1295,4,217.3,869.2,528,34
1296,4,183.53,734.12,528,3
1297,3,12.89,38.67,528,36
1298,3,58.24,174.72,529,90
1299,2,22.43,44.86,529,100
1300,1,157.61,157.61,529,83
1301,5,250.88,1254.4,530,12
1302,2,156.75,313.5,531,30
1303,1,52.6,52.6,531,110
1304,5,173.47,867.35,531,26
1305,6,125.18,751.08,532,38
1306,5,126.28,631.4,532,102
1307,3,6.89,20.67,533,94
1308,1,26.23,26.23,533,97
1309,4,153.08,612.32,534,74
1310,4,193.53,774.12,535,51
1311,5,83.11,415.55,535,91
1312,3,52,156,535,110
1313,6,46.03,276.18,536,11
1314,2,52.91,105.82,537,61
1315,4,72.53,290.12,537,64
1316,5,246.14,1230.7,537,23
1317,4,115.83,463.32,538,2
1318,6,223.96,1343.76,538,112
1319,4,140.81,563.24,538,8
1320,6,12.42,74.52,539,41
1321,5,170.13,850.65,539,3
1322,1,52.77,52.77,540,61
1323,2,106.41,212.82,541,22
1324,4,200.8,803.2,541,78
1325,3,61.44,184.32,541,19
1326,4,27.28,109.12,542,53
1327,4,210.97,843.88,542,99
1328,4,72.53,290.12,543,54
1329,5,5.64,28.2,543,13
1330,2,72.3,144.6,544,59
1331,3,22.78,68.34,545,67
1332,5,57.02,285.1,545,114
1333,3,250.31,750.93,545,71
1334,4,46.03,184.12,545,11
1335,5,180.25,901.25,546,111
1336,4,13.16,52.64,546,41
1337,6,256.47,1538.82,546,12
1338,4,67.23,268.92,546,105
1339,5,60.63,303.15,547,39
1340,4,91.2,364.8,547,57
1341,2,122.33,244.66,547,102
1342,1,126.22,126.22,547,38
1343,2,181.87,363.74,548,89
1344,1,54.22,54.22,548,5
1345,2,52.87,105.74,548,32
1346,2,133.62,267.24,549,50
1347,4,32.42,129.68,549,85
1348,2,196.06,392.12,550,73
1349,6,217.65,1305.9,550,55
1350,1,189.16,189.16,550,46
1351,3,207.94,623.82,550,70
1352,4,172.83,691.32,551,9
1353,1,6.34,6.34,551,94
1354,4,195.06,780.24,551,34
1355,6,25.31,151.86,552,14
1356,3,159.36,478.08,553,30
1357,5,5.15,25.75,553,13
1358,4,65.49,261.96,553,42
1359,6,52.87,317.22,554,32
1360,5,116.32,581.6,554,81
1361,6,73.08,438.48,554,59
1362,6,20.89,125.34,554,86
1363,5,81.68,408.4,555,68
1364,4,141.64,566.56,555,63
1365,3,248.48,745.44,555,92
1366,2,101.52,203.04,556,65
1367,4,219.72,878.88,556,108
1368,2,166.85,333.7,557,24
1369,1,233.16,233.16,557,72
1370,3,5.64,16.92,558,13
1371,5,144.93,724.65,558,63
1372,6,67.02,402.12,558,105
1373,3,156.59,469.77,558,60
1374,5,241.36,1206.8,559,80
1375,2,21.51,43.02,559,86
1376,6,181.18,1087.08,559,107
1377,4,86.67,346.68,560,91
1378,6,78.06,468.36,560,35
1379,4,192.44,769.76,560,46
1380,2,118.07,236.14,561,31
1381,1,179.27,179.27,561,107
1382,5,153.08,765.4,562,74
1383,4,128.15,512.6,562,93
1384,6,41.9,251.4,562,44
1385,3,159.36,478.08,563,30
1386,2,136.77,273.54,563,50
1387,4,217.55,870.2,563,55
1388,4,23.04,92.16,563,67
1389,5,250.88,1254.4,564,12
1390,3,41.9,125.7,564,44
1391,1,19.98,19.98,565,52
1392,4,103.33,413.32,565,65
1393,2,89.63,179.26,565,7
1394,1,23.26,23.26,565,20
1395,1,154.34,154.34,566,37
1396,1,229.77,229.77,566,12
1397,5,140.49,702.45,566,74
1398,3,42.71,128.13,567,44
1399,1,98.05,98.05,568,103
1400,4,115.63,462.52,568,2
1401,2,212.08,424.16,569,73
1402,2,192.95,385.9,569,26
1403,2,109.22,218.44,570,2
1404,2,5.15,10.3,570,13
1405,6,116.32,697.92,571,81
1406,6,225.56,1353.36,571,72
1407,5,156.32,781.6,571,49
1408,6,165.25,991.5,571,24
1409,3,57.66,172.98,572,32
1410,4,239.9,959.6,572,88
1411,2,24.88,49.76,572,20
1412,2,228.48,456.96,573,104
1413,1,247.12,247.12,573,92
1414,2,131.4,262.8,573,109
1415,3,190.79,572.37,573,10
1416,4,65.94,263.76,574,42
1417,3,212.87,638.61,574,72
1418,1,23.17,23.17,575,20
1419,1,13.19,13.19,575,21
1420,4,194.13,776.52,575,73
1421,4,132.88,531.52,576,93
1422,6,101.75,610.5,576,65
1423,4,250.61,1002.44,577,69
1424,4,184.58,738.32,577,3
1425,5,238.46,1192.3,577,16
1426,5,247.82,1239.1,577,62
1427,2,33.83,67.66,578,85
1428,4,44.6,178.4,579,11
1429,1,52.91,52.91,579,61
1430,5,246.62,1233.1,580,23
1431,6,117.21,703.26,580,82
1432,5,239.97,1199.85,580,101
1433,1,202.39,202.39,581,1
1434,3,228.62,685.86,581,112
1435,4,76.76,307.04,582,68
1436,2,45.24,90.48,582,40
1437,6,220.36,1322.16,582,104
1438,1,192.64,192.64,583,34
1439,1,103.9,103.9,584,22
1440,3,33.22,99.66,584,85
1441,1,86.16,86.16,584,57
1442,3,156.58,469.74,584,24
1443,2,234.59,469.18,585,106
1444,5,240.54,1202.7,585,104
1445,4,204.56,818.24,586,46
1446,2,121.4,242.8,586,102
1447,2,56.26,112.52,586,5
1448,2,218.11,436.22,586,56
1449,2,81.61,163.22,587,68
1450,1,105.3,105.3,587,22
1451,1,65.64,65.64,587,96
1452,4,226.48,905.92,587,62
1453,4,257.8,1031.2,588,23
1454,1,54.2,54.2,589,113
1455,6,148.49,890.94,589,49
1456,3,151.33,453.99,589,24
1457,4,26.24,104.96,590,97
1458,2,213.36,426.72,590,70
1459,6,244.53,1467.18,591,76
1460,3,117.21,351.63,591,82
1461,4,57.76,231.04,591,5
1462,5,98.98,494.9,592,48
1463,2,212.42,424.84,593,55
1464,5,145.44,727.2,593,27
1465,1,20.94,20.94,593,52
1466,1,52.05,52.05,594,61
1467,3,154.92,464.76,594,27
1468,4,204.56,818.24,594,46
1469,1,77.74,77.74,595,35
1470,1,52.77,52.77,596,61
1471,3,145.9,437.7,596,74
1472,2,176.04,352.08,596,111
1473,6,58.2,349.2,597,90
1474,5,231.22,1156.1,597,108
1475,2,155.03,310.06,598,74
1476,4,13.25,53,598,41
1477,5,61.44,307.2,598,19
1478,4,156.39,625.56,598,24
1479,5,43.28,216.4,599,44
1480,1,55.51,55.51,600,32
1481,2,221.46,442.92,600,55
1482,2,117.76,235.52,601,82
1483,4,89.63,358.52,602,7
1484,4,206.82,827.28,602,29
1485,6,57.18,343.08,602,19
1486,5,226.72,1133.6,602,56
1487,4,26.58,106.32,603,97
1488,4,53.47,213.88,603,114
1489,4,124.05,496.2,604,81
1490,1,213.6,213.6,605,70
1491,4,94.9,379.6,605,57
1492,5,193.02,965.1,605,78
1493,2,117.5,235,606,31
1494,4,65.2,260.8,606,64
1495,2,79.24,158.48,606,35
1496,6,198.02,1188.12,607,70
1497,3,223.86,671.58,607,101
1498,5,244.53,1222.65,608,76
1499,1,19.98,19.98,609,52
1500,2,257.57,515.14,609,88
1501,2,56.76,113.52,610,19
1502,1,159.39,159.39,611,24
1503,4,185.86,743.44,611,78
1504,4,13.01,52.04,611,36
1505,5,52.6,263,611,110
1506,4,258.93,1035.72,612,80
1507,2,57.51,115.02,612,5
1508,4,129.48,517.92,613,109
1509,1,57.18,57.18,614,19
1510,3,58.24,174.72,614,90
1511,3,33.22,99.66,615,85
1512,5,52.82,264.1,615,114
1513,2,58.52,117.04,616,19
1514,6,12.73,76.38,617,36
1515,2,52.71,105.42,617,113
1516,1,236.58,236.58,617,101
1517,2,178.01,356.02,618,111
1518,6,45.92,275.52,619,11
1519,4,20.26,81.04,619,86
1520,2,73.55,147.1,620,54
1521,3,58.24,174.72,621,90
1522,6,51.8,310.8,621,61
1523,5,26.23,131.15,621,97
1524,6,167.88,1007.28,621,87
1525,4,196.18,784.72,622,51
1526,3,83.36,250.08,622,7
1527,3,45.88,137.64,622,44
1528,3,51.57,154.71,622,32
1529,2,121.68,243.36,623,2
1530,1,218.2,218.2,623,55
1531,2,231.05,462.1,623,72
1532,6,186.82,1120.92,623,26
1533,2,23.26,46.52,624,20
1534,5,257.57,1287.85,624,88
1535,5,14.29,71.45,625,21
1536,1,208.37,208.37,626,99
1537,4,26.58,106.32,626,53
1538,4,54.04,216.16,626,61
1539,3,171.7,515.1,627,30
1540,1,186.32,186.32,628,46
1541,6,179.77,1078.62,629,26
1542,5,99.68,498.4,629,65
1543,1,86.29,86.29,629,91
1544,5,129.5,647.5,630,93
1545,2,239.78,479.56,630,28
1546,5,122.29,611.45,630,82
1547,3,258.28,774.84,631,88
1548,4,226.11,904.44,631,108
1549,4,57.37,229.48,631,113
1550,3,19.01,57.03,632,18
1551,6,189.16,1134.96,632,46
1552,3,249.6,748.8,632,80
1553,3,122.33,366.99,633,102
1554,5,22.78,113.9,633,67
1555,4,229.83,919.32,634,28
1556,2,166,332,634,89
1557,2,220.59,441.18,634,56
1558,4,6.19,24.76,634,94
1559,6,233.01,1398.06,635,12
1560,4,93.43,373.72,636,103
1561,4,20.85,83.4,637,18
1562,4,22.44,89.76,637,100
1563,2,4.27,8.54,637,43
1564,2,4.35,8.7,638,43
1565,6,38.51,231.06,638,15
1566,6,13.77,82.62,639,41
1567,2,138.57,277.14,639,74
1568,3,194.3,582.9,640,79
1569,5,62.2,311,641,90
1570,6,10.3,61.8,641,84
1571,1,107.15,107.15,642,65
1572,2,242.55,485.1,642,58
1573,6,67.15,402.9,642,96
1574,4,159.31,637.24,643,37
1575,5,61.15,305.75,643,42
1576,6,106.26,637.56,643,48
1577,2,122.75,245.5,644,102
1578,5,55.91,279.55,644,110
1579,6,58.24,349.44,645,90
1580,1,250.31,250.31,646,71
1581,6,177.39,1064.34,646,98
1582,1,95.17,95.17,647,103
1583,5,115.83,579.15,648,2
1584,4,137.63,550.52,648,25
1585,5,156.59,782.95,648,60
1586,5,148.46,742.3,649,83
1587,6,124.73,748.38,650,38
1588,3,251.94,755.82,650,71
1589,5,19.98,99.9,650,52
1590,1,140.27,140.27,650,74
1591,3,38.51,115.53,651,15
1592,4,60.07,240.28,652,19
1593,3,91.2,273.6,652,57
1594,3,155.02,465.06,653,63
1595,3,248.24,744.72,653,101
1596,2,185.06,370.12,654,78
1597,4,145.15,580.6,654,77
1598,4,41.67,166.68,654,15
1599,4,45.17,180.68,654,11
1600,2,24.11,48.22,655,20
1601,1,211.56,211.56,656,95
1602,2,171.39,342.78,656,98
1603,2,75.85,151.7,656,35
1604,3,129.03,387.09,656,25
1605,2,19.78,39.56,657,86
1606,5,59.04,295.2,657,90
1607,2,218.85,437.7,657,108
1608,5,20.85,104.25,657,18
1609,4,199.58,798.32,658,51
1610,6,245.86,1475.16,658,28
1611,5,71.46,357.3,658,105
1612,6,256.97,1541.82,658,92
1613,1,154.64,154.64,659,49
1614,6,110.69,664.14,659,6
1615,3,73.86,221.58,659,59
1616,3,68.46,205.38,660,64
1617,5,170.39,851.95,661,89
1618,6,57.41,344.46,661,19
1619,5,242.94,1214.7,662,45
1620,5,20.15,100.75,662,86
1621,6,65.64,393.84,662,96
1622,5,52.7,263.5,663,110
1623,2,249.6,499.2,663,80
1624,2,147.35,294.7,663,60
1625,1,87.98,87.98,664,57
1626,2,155.26,310.52,664,63
1627,5,135.8,679,665,8
1628,4,165.9,663.6,666,30
1629,3,236.58,709.74,667,101
1630,1,148.46,148.46,667,83
1631,2,250.88,501.76,668,12
1632,4,170.66,682.64,668,3
1633,5,156.75,783.75,668,30
1634,3,247.51,742.53,668,16
1635,4,4.27,17.08,669,43
1636,5,111.92,559.6,670,82
1637,3,154.34,463.02,670,37
1638,5,19.02,95.1,670,18
1639,3,61.93,185.79,670,39
1640,1,103.9,103.9,671,22
1641,2,156.58,313.16,671,24
1642,4,185.06,740.24,671,78
1643,6,21.51,129.06,672,52
1644,2,218.48,436.96,672,55
1645,5,211.56,1057.8,672,95
1646,3,47.14,141.42,672,40
1647,5,144.93,724.65,673,63
1648,1,169.06,169.06,673,33
1649,6,86.29,517.74,673,91
1650,1,58.6,58.6,674,113
1651,6,183.18,1099.08,674,51
1652,3,235.45,706.35,674,80
1653,2,170.52,341.04,674,87
1654,6,67.05,402.3,675,64
1655,4,240.81,963.24,675,104
1656,2,246.62,493.24,675,23
1657,6,52,312,676,110
1658,1,163.25,163.25,677,87
1659,3,61.06,183.18,678,90
1660,6,118.96,713.76,678,81
1661,2,57.02,114.04,678,114
1662,2,248.11,496.22,678,45
1663,1,167.88,167.88,679,87
1664,5,58.24,291.2,679,90
1665,5,180.25,901.25,680,111
1666,5,67.23,336.15,680,105
1667,3,19.98,59.94,680,52
1668,1,148.51,148.51,681,74
1669,6,61.66,369.96,681,19
1670,2,218.2,436.4,681,55
1671,4,53.83,215.32,682,113
1672,4,76.98,307.92,683,54
1673,6,163.14,978.84,683,89
1674,4,150.9,603.6,683,37
1675,6,238.84,1433.04,683,56
1676,6,32.72,196.32,684,85
1677,2,73.55,147.1,684,54
1678,3,226.2,678.6,684,108
1679,5,56.92,284.6,684,113
1680,1,126.6,126.6,685,93
1681,5,111.43,557.15,685,65
1682,6,26.87,161.22,686,97
1683,5,74.57,372.85,686,35
1684,5,13.9,69.5,686,21
1685,6,203.45,1220.7,686,99
1686,1,138.3,138.3,687,77
1687,3,43.28,129.84,687,44
1688,1,257.57,257.57,687,88
1689,4,89.63,358.52,687,7
1690,6,125.18,751.08,688,38
1691,6,11.05,66.3,688,84
1692,5,56.14,280.7,689,32
1693,6,175.05,1050.3,689,89
1694,5,187.96,939.8,690,51
1695,5,116.01,580.05,690,31
1696,3,148.49,445.47,690,49
1697,1,159.31,159.31,691,37
1698,3,71.46,214.38,692,105
1699,6,62.11,372.66,692,19
1700,5,228.65,1143.25,693,69
1701,5,197.12,985.6,693,70
1702,4,116.84,467.36,693,102
1703,5,25.64,128.2,694,97
1704,6,249.6,1497.6,694,80
1705,2,112.1,224.2,694,17
1706,1,4.39,4.39,694,43
1707,5,113.61,568.05,695,82
1708,4,86.72,346.88,695,7
1709,5,44.69,223.45,695,44
1710,4,233.01,932.04,695,12
1711,5,165.9,829.5,696,30
1712,4,163.35,653.4,697,37
1713,4,247.64,990.56,697,92
1714,6,26.78,160.68,697,14
1715,3,6.5,19.5,698,94
1716,3,196.34,589.02,698,99
1717,2,12.73,25.46,699,36
1718,6,66.6,399.6,699,96
1719,5,155.03,775.15,700,74
1720,1,241.86,241.86,700,58
1721,5,54.04,270.2,701,61
1722,2,263.35,526.7,701,88
1723,4,66.13,264.52,701,64
1724,5,255.63,1278.15,701,76
1725,6,236.58,1419.48,702,101
1726,3,249.74,749.22,703,16
1727,4,192.95,771.8,703,26
1728,6,235.45,1412.7,703,112
1729,3,112.29,336.87,703,81
1730,5,247.01,1235.05,704,92
1731,3,121.68,365.04,705,2
1732,6,34.93,209.58,706,85
1733,2,137.63,275.26,706,25
1734,3,129.48,388.44,706,109
1735,5,167.45,837.25,707,33
1736,3,246.36,739.08,707,101
1737,2,52.39,104.78,707,61
1738,6,74.57,447.42,707,35
1739,4,231.04,924.16,708,112
1740,3,99.54,298.62,709,48
1741,5,228.18,1140.9,709,104
1742,4,30.59,122.36,709,66
1743,4,255.01,1020.04,710,12
1744,6,105.95,635.7,710,6
1745,3,146.65,439.95,710,60
1746,3,85.2,255.6,711,7
1747,2,21.66,43.32,711,52
1748,5,191.9,959.5,711,26
1749,1,58.04,58.04,712,5
1750,3,239.1,717.3,713,108
1751,1,192.95,192.95,713,26
1752,5,242.93,1214.65,714,58
1753,6,94.9,569.4,714,57
1754,4,148.04,592.16,715,74
1755,2,77.23,154.46,715,54
1756,4,226.11,904.44,715,108
1757,6,67.22,403.32,715,105
1758,5,102.29,511.45,716,65
1759,6,250.11,1500.66,716,69
1760,6,251,1506,717,45
1761,2,13.51,27.02,717,21
1762,4,73.86,295.44,718,59
1763,3,236.58,709.74,719,101
1764,1,151.77,151.77,719,27
1765,4,6.81,27.24,720,94
1766,3,59.49,178.47,720,19
1767,3,213.68,641.04,721,99
1768,2,52.44,104.88,721,114
1769,4,137.41,549.64,722,77
1770,1,101.18,101.18,722,22
1771,6,137.28,823.68,722,38
1772,4,72.53,290.12,722,64
1773,2,22.81,45.62,723,20
1774,2,53.61,107.22,723,32
1775,3,21.14,63.42,724,18
1776,3,259.45,778.35,725,23
1777,3,3.97,11.91,725,43
1778,3,192.65,577.95,726,51
1779,3,111.43,334.29,726,65
1780,3,246.55,739.65,726,62
1781,5,52.82,264.1,726,110
1782,2,25.64,51.28,727,97
1783,1,219.01,219.01,727,95
1784,5,57.02,285.1,728,114
1785,2,177.39,354.78,728,98
1786,2,236.58,473.16,728,101
1787,5,101.75,508.75,729,65
1788,4,229.57,918.28,729,108
1789,2,20.67,41.34,730,86
1790,6,12.73,76.38,730,36
1791,5,78.39,391.95,730,54
1792,5,147.14,735.7,731,77
1793,5,77.64,388.2,731,35
1794,3,209.95,629.85,731,34
1795,2,235.45,470.9,732,112
1796,2,248.24,496.48,733,101
1797,1,233.48,233.48,733,112
1798,5,81.13,405.65,733,91
1799,2,12.93,25.86,733,36
1800,4,25.31,101.24,734,14
1801,1,135.8,135.8,735,8
1802,1,125.34,125.34,735,50
1803,5,76.46,382.3,735,54
1804,6,55.51,333.06,735,32
1805,5,199.03,995.15,736,73
1806,6,206.82,1240.92,736,29
1807,1,156.28,156.28,737,24
1808,3,57.2,171.6,737,32
1809,2,242.92,485.84,738,76
1810,1,66.6,66.6,739,96
1811,3,241.97,725.91,740,62
1812,6,195.3,1171.8,740,46
1813,4,158.91,635.64,740,24
1814,1,109.69,109.69,740,2
1815,1,6.5,6.5,741,94
1816,3,22.43,67.29,742,100
1817,4,226.72,906.88,742,56
1818,3,157.61,472.83,742,83
1819,1,222.12,222.12,743,101
1820,5,95.38,476.9,744,57
1821,1,52.41,52.41,744,110
1822,4,59.55,238.2,744,5
1823,6,150.14,900.84,745,37
1824,1,105.59,105.59,745,17
1825,1,162.93,162.93,746,37
1826,4,169.85,679.4,747,9
1827,5,57.66,288.3,747,32
1828,6,184.54,1107.24,747,78
1829,1,187.07,187.07,748,1
1830,2,117.5,235,748,31
1831,5,33.22,166.1,749,85
1832,4,52.04,208.16,750,110
1833,5,184.15,920.75,750,79
1834,1,52.26,52.26,750,61
1835,5,220.36,1101.8,750,104
1836,6,10.3,61.8,751,84
1837,6,12.41,74.46,752,36
1838,2,110.24,220.48,752,17
1839,1,20.34,20.34,753,18
1840,6,87.98,527.88,753,57
1841,4,217.13,868.52,754,73
1842,5,81.51,407.55,754,91
1843,3,28.84,86.52,754,66
1844,2,21.09,42.18,755,18
1845,4,43.28,173.12,755,44
1846,5,55.72,278.6,756,19
1847,3,133.1,399.3,757,109
1848,6,225.6,1353.6,757,56
1849,5,195.18,975.9,757,73
1850,1,10.44,10.44,757,84
1851,6,5.64,33.84,758,13
1852,6,64.04,384.24,758,90
1853,3,58.04,174.12,758,5
1854,5,223.96,1119.8,758,112
1855,2,180.36,360.72,759,26
1856,2,99.04,198.08,760,48
1857,4,12.93,51.72,760,41
1858,5,65.64,328.2,760,96
1859,4,10.45,41.8,760,84
1860,3,64.98,194.94,761,42
1861,1,151.22,151.22,761,27
1862,4,60.55,242.2,761,39
1863,4,76.75,307,761,68
1864,5,170.13,850.65,762,3
1865,4,175.61,702.44,762,10
1866,1,44.03,44.03,762,4
1867,4,12.93,51.72,763,36
1868,6,86.29,517.74,764,91
1869,1,89.63,89.63,765,7
1870,6,206.82,1240.92,765,29
1871,5,103.33,516.65,765,65
1872,5,162.2,811,765,98
1873,2,6.53,13.06,766,94
1874,1,73.4,73.4,766,35
1875,4,3.95,15.8,766,43
1876,2,119.25,238.5,767,17
1877,1,248.59,248.59,767,58
1878,1,251,251,767,45
1879,5,52.82,264.1,768,114
1880,1,178.01,178.01,768,111
1881,3,208.39,625.17,768,34
1882,5,226.86,1134.3,768,108
1883,6,3.97,23.82,769,43
1884,4,223.84,895.36,769,56
1885,5,96.12,480.6,769,103
1886,6,95.59,573.54,769,47
1887,1,21.31,21.31,770,52
1888,3,12.73,38.19,771,41
1889,1,235.21,235.21,771,28
1890,3,148.04,444.12,772,74
1891,5,39.06,195.3,772,15
1892,4,26.2,104.8,772,14
1893,1,84.16,84.16,772,7
1894,2,115.83,231.66,773,2
1895,5,167.09,835.45,774,33
1896,2,167.67,335.34,774,107
1897,2,106.26,212.52,775,48
1898,5,61.78,308.9,775,39
1899,4,268.43,1073.72,775,88
1900,5,93.83,469.15,775,47
1901,3,92.75,278.25,776,7
1902,2,41.41,82.82,777,11
1903,2,95.17,190.34,777,103
1904,1,78.5,78.5,777,35
1905,3,96.28,288.84,777,22
1906,2,206.05,412.1,778,73
1907,3,120.79,362.37,778,2
1908,1,59.61,59.61,778,90
1909,4,44.68,178.72,779,44
1910,1,131.4,131.4,779,109
1911,4,144.28,577.12,779,49
1912,5,126.6,633,780,93
1913,4,66.38,265.52,781,64
1914,5,245.74,1228.7,781,12
1915,1,223.86,223.86,781,101
1916,4,124.51,498.04,782,102
1917,6,95.89,575.34,782,47
1918,3,95.78,287.34,783,103
1919,6,186.32,1117.92,784,46
1920,2,21.98,43.96,784,100
1921,1,220.59,220.59,785,56
1922,3,114.8,344.4,786,31
1923,3,150.9,452.7,786,37
1924,3,224.16,672.48,786,108
1925,5,170.13,850.65,786,3
1926,2,98.98,197.96,787,48
1927,1,245.55,245.55,787,45
1928,3,76.76,230.28,787,68
1929,4,59.61,238.44,788,90
1930,3,22.33,66.99,788,67
1931,2,137.41,274.82,788,77
1932,1,171.39,171.39,788,98
1933,4,20.94,83.76,789,52
1934,2,61.66,123.32,790,19
1935,6,41.55,249.3,790,44
1936,2,194.3,388.6,790,79
1937,6,13.16,78.96,791,41
1938,4,265.75,1063,792,88
1939,3,57.04,171.12,792,114
1940,4,78.59,314.36,792,35
1941,2,235.54,471.08,792,76
1942,3,54.04,162.12,793,61
1943,1,179.77,179.77,794,26
1944,1,250.7,250.7,794,23
1945,4,95.26,381.04,794,103
1946,5,72.53,362.65,794,54
1947,5,5.08,25.4,795,13
1948,6,114.52,687.12,796,82
1949,4,188.86,755.44,796,78
1950,1,250.11,250.11,796,69
1951,2,140.38,280.76,796,8
1952,6,143.19,859.14,797,49
1953,5,140.91,704.55,797,38
1954,6,28.1,168.6,797,97
1955,4,203.96,815.84,797,29
1956,1,212.08,212.08,798,73
1957,6,24,144,798,100
1958,1,194.52,194.52,799,1
1959,1,204.56,204.56,799,46
1960,6,72.46,434.76,799,105
1961,2,170.24,340.48,800,10
1962,4,83.11,332.44,801,91
1963,4,154.64,618.56,801,49
1964,2,248.48,496.96,801,92
1965,2,160.84,321.68,801,33
1966,3,182.06,546.18,802,1
1967,6,69.35,416.1,802,105
1968,1,90.46,90.46,802,7
1969,6,6.84,41.04,802,94
1970,5,179.13,895.65,803,51
1971,2,113.61,227.22,803,82
1972,5,199.76,998.8,804,95
1973,1,185.06,185.06,804,78
1974,6,23.97,143.82,804,20
1975,4,51.57,206.28,805,32
1976,6,246.62,1479.72,806,23
1977,1,142.94,142.94,806,74
1978,4,239.97,959.88,806,101
1979,5,145.15,725.75,806,77
1980,5,234.59,1172.95,807,106
1981,5,59.04,295.2,808,90
1982,1,176.17,176.17,808,107
1983,2,200.31,400.62,809,70
1984,1,30.59,30.59,809,66
1985,1,170.23,170.23,809,3
1986,6,235.21,1411.26,809,28
1987,5,221.13,1105.65,810,99
1988,2,240.81,481.62,810,104
1989,2,78.49,156.98,811,91
1990,2,19.98,39.96,811,18
1991,5,60.77,303.85,811,90
1992,5,175.61,878.05,811,10
1993,2,250.41,500.82,812,62
1994,6,198.02,1188.12,813,70
1995,5,27.44,137.2,813,14
1996,6,23.37,140.22,813,20
1997,5,242.55,1212.75,813,58
1998,1,58.74,58.74,814,5
1999,2,141.13,282.26,815,25
2000,3,120.14,360.42,815,2
2001,3,114.8,344.4,815,31
2002,4,140.4,561.6,816,63
2003,4,116.01,464.04,817,31
2004,3,144.93,434.79,818,63
2005,1,171.22,171.22,818,107
2006,4,80.96,323.84,818,68
2007,1,122.85,122.85,819,2
2008,5,85.26,426.3,819,57
2009,5,247.82,1239.1,819,62
2010,6,134.54,807.24,820,109
2011,5,47.14,235.7,820,40
2012,1,3.97,3.97,821,43
2013,4,121.5,486,821,109
2014,5,64.72,323.6,821,90
2015,6,188.97,1133.82,821,10
2016,5,208.94,1044.7,822,55
2017,4,63.68,254.72,822,42
2018,4,170.44,681.76,822,87
2019,1,146.55,146.55,822,27
2020,5,125.34,626.7,823,50
2021,5,22.45,112.25,823,67
2022,2,200.23,400.46,823,29
2023,4,27.72,110.88,824,14
2024,3,99.68,299.04,824,65
2025,4,180.25,721,825,111
2026,6,23.9,143.4,826,100
2027,4,218,872,827,29
2028,1,153.31,153.31,827,83
2029,6,140.24,841.44,827,77
2030,3,143.4,430.2,827,49
2031,3,145.15,435.45,828,77
2032,4,117.21,468.84,828,82
2033,5,185.06,925.3,828,78
2034,1,73.86,73.86,829,59
2035,4,60.77,243.08,830,90
2036,2,118.38,236.76,830,81
2037,5,114.8,574,830,31
2038,2,22.51,45.02,830,52
2039,5,115.18,575.9,831,81
2040,3,90.46,271.38,832,7
2041,1,235.66,235.66,832,106
2042,4,27.73,110.92,832,97
2043,1,138.28,138.28,832,8
2044,4,119.37,477.48,833,17
2045,1,191.9,191.9,833,26
2046,6,22.44,134.64,833,100
2047,2,260.71,521.42,834,76
2048,1,231.23,231.23,834,92
2049,1,13.01,13.01,834,36
2050,4,181.22,724.88,834,89
2051,1,53.65,53.65,835,114
2052,5,242.94,1214.7,835,45
2053,5,114.03,570.15,835,2
2054,4,155.17,620.68,836,87
2055,4,94.24,376.96,836,47
2056,1,42.78,42.78,837,4
2057,4,123.56,494.24,837,102
2058,6,149.21,895.26,837,27
2059,3,24.88,74.64,838,20
2060,3,4.31,12.93,839,43
2061,5,107.98,539.9,839,6
2062,2,119.25,238.5,839,17
2063,2,59.47,118.94,840,90
2064,5,124.05,620.25,840,81
2065,5,129.03,645.15,840,102
2066,2,167.45,334.9,840,33
2067,4,178.01,712.04,841,111
2068,6,42.33,253.98,841,44
2069,3,60.17,180.51,841,90
2070,3,54.05,162.15,842,113
2071,4,181.02,724.08,842,75
2072,5,29.64,148.2,842,66
2073,3,268.43,805.29,842,88
2074,1,170.73,170.73,843,26
2075,1,44.68,44.68,844,44
2076,2,147.96,295.92,844,77
2077,1,21.98,21.98,844,100
2078,4,72.53,290.12,845,64
2079,1,44.6,44.6,845,11
2080,6,158.36,950.16,845,30
2081,1,66.38,66.38,846,64
2082,6,12.21,73.26,846,36
2083,2,231.22,462.44,846,108
2084,1,150.98,150.98,847,37
2085,3,151.33,453.99,847,24
2086,1,53.65,53.65,847,114
2087,3,147.8,443.4,847,83
2088,4,229.83,919.32,848,28
2089,6,67.6,405.6,848,42
2090,2,154.34,308.68,848,37
2091,1,147.8,147.8,849,83
2092,3,11.94,35.82,850,36
2093,6,38.51,231.06,851,15
2094,5,130.38,651.9,851,50
2095,1,148.51,148.51,851,74
2096,5,169.12,845.6,852,3
2097,3,178.48,535.44,852,10
2098,4,24.03,96.12,853,100
2099,5,130.87,654.35,853,50
2100,4,117.76,471.04,853,82
2101,5,163.35,816.75,853,37
2102,3,112.1,336.3,854,17
2103,6,6.34,38.04,854,94
2104,2,218.2,436.4,855,55
2105,1,186.82,186.82,855,26
2106,1,46.77,46.77,855,40
2107,3,140.38,421.14,856,8
2108,1,147.35,147.35,856,60
2109,4,246.14,984.56,857,23
2110,5,237.1,1185.5,857,88
2111,1,10.45,10.45,858,84
2112,5,99.04,495.2,859,48
2113,4,118.96,475.84,860,81
2114,5,125.34,626.7,861,50
2115,5,120.1,600.5,861,81
2116,4,248.36,993.44,861,101
2117,2,80.96,161.92,862,68
2118,4,32.97,131.88,863,85
2119,4,76.76,307.04,863,68
2120,5,221.23,1106.15,864,56
2121,1,39.62,39.62,864,15
2122,5,257.57,1287.85,865,88
2123,5,257.86,1289.3,866,71
2124,4,131.4,525.6,867,109
2125,2,171.39,342.78,867,9
2126,6,13.24,79.44,867,41
2127,6,52.91,317.46,868,61
2128,5,59.49,297.45,868,19
2129,2,80.99,161.98,868,91
2130,2,143.52,287.04,869,74
2131,2,227.82,455.64,869,92
2132,6,20.67,124.02,869,86
2133,2,106.26,212.52,870,48
2134,1,217.04,217.04,870,34
2135,4,244.53,978.12,871,76
2136,1,24,24,872,100
2137,3,160.46,481.38,873,27
2138,2,148.47,296.94,873,8
2139,4,193.42,773.68,874,34
2140,3,103.33,309.99,874,65
2141,5,96.6,483,875,103
2142,5,204,1020,875,95
2143,2,5.56,11.12,875,13
2144,2,191.61,383.22,875,1
2145,3,113.83,341.49,876,82
2146,4,111.59,446.36,877,81
2147,2,144.14,288.28,877,49
2148,2,235.66,471.32,877,106
2149,4,43.28,173.12,878,44
2150,4,22.43,89.72,878,100
2151,4,57.18,228.72,878,19
2152,3,253.48,760.44,879,23
2153,3,244.34,733.02,879,106
2154,3,71.46,214.38,879,105
2155,6,170.13,1020.78,879,3
2156,5,6.81,34.05,880,94
2157,4,130.87,523.48,880,50
2158,2,120.79,241.58,880,2
2159,4,117.76,471.04,880,82
2160,4,229.57,918.28,881,108
2161,6,193.53,1161.18,881,51
2162,5,194.02,970.1,882,73
2163,6,178.22,1069.32,883,51
2164,5,209.95,1049.75,883,34
2165,4,229.29,917.16,884,58
2166,2,79.86,159.72,884,68
2167,1,256.97,256.97,885,92
2168,4,237.95,951.8,886,69
2169,6,248.68,1492.08,886,76
2170,4,191.71,766.84,886,10
2171,2,186.32,372.64,887,46
2172,3,83.78,251.34,887,91
2173,2,57.51,115.02,887,5
2174,3,151.33,453.99,888,24
2175,2,10.45,20.9,888,84
2176,1,116.01,116.01,888,31
2177,2,251.37,502.74,888,69
2178,2,242.55,485.1,889,58
2179,4,184.15,736.6,889,79
2180,5,21.07,105.35,889,67
2181,2,160.84,321.68,890,33
2182,1,4.37,4.37,890,43
2183,4,110.69,442.76,890,6
2184,6,147.8,886.8,891,83
2185,5,24.27,121.35,891,20
2186,5,42.72,213.6,891,11
2187,1,38.37,38.37,892,15
2188,4,44.93,179.72,892,4
2189,5,78.49,392.45,893,91
2190,3,206.82,620.46,894,29
2191,6,103.33,619.98,894,65
2192,6,98.1,588.6,895,6
2193,3,194.52,583.56,895,1
2194,6,260.71,1564.26,896,76
2195,2,5.57,11.14,896,13
2196,6,13.9,83.4,896,21
2197,6,6.28,37.68,896,94
2198,4,154.71,618.84,897,27
2199,6,239.27,1435.62,897,12
2200,3,95.04,285.12,897,103
2201,4,241.98,967.92,897,45
2202,1,203.36,203.36,898,46
2203,6,100.24,601.44,899,6
2204,1,10.44,10.44,899,84
2205,1,180.94,180.94,899,75
2206,2,249.2,498.4,900,106
2207,4,230.33,921.32,901,58
2208,4,169.85,679.4,902,9
2209,2,240.16,480.32,902,58
2210,6,26.35,158.1,902,97
2211,1,117.06,117.06,902,31
2212,6,13.44,80.64,903,21
2213,6,5.53,33.18,903,13
2214,2,42.28,84.56,903,44
2215,3,246.13,738.39,904,92
2216,4,132.77,531.08,904,109
2217,3,170.63,511.89,905,87
2218,2,13.56,27.12,906,21
2219,4,59.04,236.16,906,90
2220,1,159.24,159.24,906,49
2221,1,26.96,26.96,906,53
2222,5,44.41,222.05,907,44
2223,6,83.11,498.66,907,91
2224,3,4.13,12.39,908,43
2225,2,96.66,193.32,908,22
2226,2,21.59,43.18,908,52
2227,2,25.17,50.34,908,20
2228,1,242.93,242.93,909,58
2229,6,179.66,1077.96,910,75
2230,6,208.72,1252.32,910,34
2231,2,77.64,155.28,911,35
2232,4,248.68,994.72,912,76
2233,6,137.63,825.78,912,25
2234,3,252.33,756.99,912,80
2235,2,250.7,501.4,912,23
2236,4,23.23,92.92,913,20
2237,4,211.56,846.24,914,95
2238,1,171.39,171.39,914,98
2239,3,12.19,36.57,914,36
2240,3,109.18,327.54,914,48
2241,6,27.72,166.32,915,14
2242,3,229.37,688.11,915,104
2243,3,235.22,705.66,915,108
2244,6,252.05,1512.3,916,71
2245,1,6.81,6.81,917,94
2246,2,137.28,274.56,917,38
2247,1,137.41,137.41,917,77
2248,3,59.49,178.47,917,19
2249,3,12.98,38.94,918,41
2250,4,170.39,681.56,919,89
2251,2,200.66,401.32,919,1
2252,1,127.19,127.19,919,38
2253,2,60.54,121.08,919,39
2254,5,78.49,392.45,920,91
2255,5,89.74,448.7,920,47
2256,5,245.86,1229.3,920,28
2257,4,175.61,702.44,920,10
2258,1,54.62,54.62,921,61
2259,6,239.1,1434.6,921,108
2260,4,173.54,694.16,921,98
2261,2,163.42,326.84,922,60
2262,1,60.61,60.61,922,42
2263,2,169.25,338.5,922,30
2264,6,116.38,698.28,923,17
2265,4,124.42,497.68,923,109
2266,3,256.47,769.41,923,12
2267,4,89.16,356.64,923,103
2268,4,13.9,55.6,924,21
2269,5,243.49,1217.45,924,23
2270,4,93.82,375.28,924,7
2271,3,252.05,756.15,924,71
2272,4,235.45,941.8,925,112
2273,2,232.7,465.4,926,106
2274,4,225.6,902.4,926,56
2275,4,242.82,971.28,926,76
2276,3,242.72,728.16,927,80
2277,6,95.59,573.54,928,47
2278,2,204.33,408.66,928,29
2279,3,103.92,311.76,929,6
2280,4,143.56,574.24,929,27
2281,6,183.74,1102.44,929,78
2282,1,246.86,246.86,930,106
2283,4,123.72,494.88,930,81
2284,5,219.17,1095.85,930,112
2285,5,24.95,124.75,931,53
2286,6,150.53,903.18,931,63
2287,6,41.67,250.02,931,15
2288,5,55.51,277.55,932,32
2289,6,248.28,1489.68,932,12
2290,5,46.88,234.4,932,4
2291,6,193.53,1161.18,932,51
2292,4,114.8,459.2,933,31
2293,1,244.34,244.34,933,106
2294,4,247.67,990.68,933,76
2295,3,44.03,132.09,933,4
2296,2,24.64,49.28,934,20
2297,2,252.24,504.48,934,106
2298,1,198.93,198.93,934,46
2299,2,136.73,273.46,934,77
2300,6,101.18,607.08,935,48
2301,6,238.12,1428.72,936,92
2302,5,31.13,155.65,937,85
2303,5,236.58,1182.9,937,101
2304,2,251.21,502.42,937,58
2305,1,118.96,118.96,937,81
2306,2,185.86,371.72,938,9
2307,5,23.23,116.15,938,20
2308,5,251.34,1256.7,938,28
2309,3,175.05,525.15,938,89
2310,4,261.64,1046.56,939,45
2311,3,148.51,445.53,939,74
2312,6,255.63,1533.78,940,69
2313,6,218.2,1309.2,940,55
2314,6,95.17,571.02,940,103
2315,6,19.78,118.68,940,86
2316,4,85.32,341.28,941,57
2317,3,147.83,443.49,941,37
2318,1,23.52,23.52,941,20
2319,4,58.52,234.08,941,19
2320,5,12.41,62.05,942,36
2321,3,150.33,450.99,942,27
2322,4,112.85,451.4,942,82
2323,2,45.88,91.76,943,44
2324,1,114.52,114.52,943,82
2325,1,60.61,60.61,944,42
2326,4,159.39,637.56,945,24
2327,6,112.29,673.74,946,81
2328,1,137.23,137.23,946,38
2329,2,62.88,125.76,946,96
2330,3,140.24,420.72,946,93
2331,1,58.52,58.52,947,19
2332,2,239.69,479.38,947,69
2333,3,147.14,441.42,947,77
2334,6,19.81,118.86,948,18
2335,6,217.65,1305.9,949,55
2336,4,25.64,102.56,949,97
2337,3,172.83,518.49,949,9
2338,3,58.24,174.72,950,90
2339,1,247.3,247.3,950,62
2340,4,21.09,84.36,950,18
2341,3,6.89,20.67,950,94
2342,2,224.16,448.32,951,108
2343,3,198.98,596.94,951,46
2344,5,247.67,1238.35,951,76
2345,2,52.91,105.82,952,61
2346,6,59.61,357.66,952,90
2347,5,162.93,814.65,953,37
2348,4,198.98,795.92,954,46
2349,5,84.06,420.3,955,7
2350,3,148.13,444.39,955,83
2351,6,169.85,1019.1,955,9
2352,5,116.38,581.9,956,17
2353,4,140.27,561.08,956,74
2354,2,138.3,276.6,956,77
2355,2,26.23,52.46,956,97
2356,6,83.11,498.66,957,91
2357,4,229.57,918.28,957,108
2358,2,19.81,39.62,957,18
2359,4,242.71,970.84,958,92
2360,5,74.58,372.9,958,54
2361,5,159.24,796.2,958,49
2362,5,171.23,856.15,958,33
2363,3,90.46,271.38,959,7
2364,2,23.17,46.34,959,20
2365,6,138.28,829.68,959,8
2366,4,240.81,963.24,960,104
2367,2,42.33,84.66,960,44
2368,4,232.7,930.8,961,106
2369,1,26.35,26.35,961,97
2370,4,246.55,986.2,961,62
2371,3,81.68,245.04,962,68
2372,1,19.81,19.81,962,18
2373,6,12.91,77.46,963,41
2374,6,94.9,569.4,963,57
2375,2,53.47,106.94,963,114
2376,6,110.24,661.44,963,17
2377,6,144.14,864.84,964,49
2378,6,12.93,77.58,964,36
2379,5,100.68,503.4,964,6
2380,3,13.81,41.43,965,21
2381,1,150.9,150.9,966,37
2382,3,247.67,743.01,966,76
2383,5,41.81,209.05,967,15
2384,1,149.94,149.94,967,60
2385,5,248.59,1242.95,967,58
2386,3,13.51,40.53,967,21
2387,4,71.03,284.12,968,59
2388,4,253.27,1013.08,969,71
2389,6,203.19,1219.14,969,79
2390,4,196.06,784.24,969,73
2391,2,206.82,413.64,970,29
2392,6,247.3,1483.8,970,62
2393,2,148.6,297.2,971,37
2394,4,183.85,735.4,972,111
2395,1,103.88,103.88,973,22
2396,6,75.4,452.4,973,68
2397,2,180.94,361.88,973,75
2398,1,45.3,45.3,974,11
2399,1,201.8,201.8,974,70
2400,3,167.88,503.64,974,87
2401,2,13.16,26.32,974,41
2402,3,119.37,358.11,975,17
2403,5,174.32,871.6,976,33
2404,4,191.23,764.92,977,111
2405,2,106.02,212.04,978,65
2406,5,75.1,375.5,978,59
2407,1,55.59,55.59,979,61
2408,6,52.47,314.82,979,113
2409,5,19.94,99.7,979,52
2410,4,52.15,208.6,979,32
2411,2,6.28,12.56,980,94
2412,4,187.11,748.44,981,10
2413,6,213.6,1281.6,981,70
2414,4,143.56,574.24,982,27
2415,5,13.16,65.8,983,41
2416,1,157.61,157.61,983,83
2417,6,24.95,149.7,984,53
2418,1,33.22,33.22,984,85
2419,3,179.27,537.81,984,107
2420,5,103.9,519.5,984,22
2421,1,205.33,205.33,985,95
2422,6,194.02,1164.12,985,73
2423,3,25.18,75.54,986,20
2424,5,211.57,1057.85,986,112
2425,1,43.81,43.81,986,40
2426,2,154.64,309.28,986,49
2427,6,42.18,253.08,987,11
2428,1,116.32,116.32,987,81
2429,4,42.96,171.84,987,4
2430,4,150.98,603.92,988,37
2431,4,148.49,593.96,988,49
2432,5,97.36,486.8,989,48
2433,5,244.53,1222.65,990,76
2434,5,103.9,519.5,990,22
2435,3,208.39,625.17,990,34
2436,5,118.38,591.9,991,81
2437,5,19.98,99.9,991,18
2438,1,170.13,170.13,991,3
2439,2,171.39,342.78,992,98
2440,6,130.87,785.22,992,50
2441,6,170.73,1024.38,992,26
2442,4,220.36,881.44,993,104
2443,3,109.18,327.54,994,48
2444,3,80.99,242.97,994,91
2445,6,21.28,127.68,995,18
2446,1,208.67,208.67,995,55
2447,1,244.34,244.34,996,106
2448,5,183.54,917.7,997,51
2449,3,246.14,738.42,997,23
2450,5,237.1,1185.5,997,88
2451,4,159.24,636.96,998,49
2452,6,225.6,1353.6,999,56
2453,1,184.54,184.54,999,78
2454,4,166.52,666.08,1000,98
2455,2,134.54,269.08,1001,109
2456,1,132.28,132.28,1002,25
2457,3,208.94,626.82,1002,55
2458,2,27.65,55.3,1002,97
2459,2,257,514,1002,45
2460,5,245.55,1227.75,1003,45
2461,2,58.74,117.48,1003,5
2462,5,77.46,387.3,1003,59
2463,4,125.76,503.04,1003,82
2464,3,114.8,344.4,1004,31
2465,6,41.55,249.3,1005,44
2466,2,30.46,60.92,1005,66
2467,6,87.78,526.68,1006,91
2468,2,247.6,495.2,1006,45
2469,5,251.78,1258.9,1006,92
2470,3,126.6,379.8,1006,93
2471,2,38.7,77.4,1007,15
2472,6,237.41,1424.46,1007,23
2473,3,156.39,469.17,1007,24
2474,6,141.74,850.44,1008,8
2475,1,143.52,143.52,1008,74
2476,3,118.04,354.12,1008,2
2477,3,91.2,273.6,1008,57
2478,2,147.35,294.7,1009,60
2479,3,113.45,340.35,1009,31
2480,4,221.8,887.2,1009,108
2481,5,4.39,21.95,1010,43
2482,2,188.86,377.72,1010,78
2483,1,132.77,132.77,1010,109
2484,3,250.11,750.33,1010,69
2485,6,198.98,1193.88,1011,46
2486,1,44.93,44.93,1012,4
2487,3,75.1,225.3,1012,59
2488,2,257.8,515.6,1013,23
2489,1,44.93,44.93,1014,4
2490,5,203.45,1017.25,1014,99
2491,5,153.31,766.55,1014,83
2492,1,260.71,260.71,1014,76
2493,2,129.36,258.72,1015,38
2494,5,181.92,909.6,1015,26
2495,4,239.78,959.12,1015,101
2496,5,235.21,1176.05,1015,28
2497,3,182.06,546.18,1016,1
2498,3,42.96,128.88,1016,4
2499,1,116.32,116.32,1016,81
2500,1,184.41,184.41,1017,9
2501,5,140.91,704.55,1017,38
2502,2,211.3,422.6,1017,73
2503,3,256.47,769.41,1018,12
2504,6,167.88,1007.28,1018,87
2505,5,116.38,581.9,1018,17
2506,3,136.4,409.2,1019,8
2507,5,161.21,806.05,1019,24
2508,2,20.94,41.88,1019,52
2509,6,177.39,1064.34,1020,98
2510,6,151.77,910.62,1020,27
2511,6,6.79,40.74,1020,94
2512,1,46.03,46.03,1020,11
2513,3,143.12,429.36,1021,77
2514,3,5.17,15.51,1021,13
2515,1,192.44,192.44,1021,46
2516,2,213.55,427.1,1022,55
2517,1,34.58,34.58,1023,85
2518,1,94.9,94.9,1023,57
2519,5,130.38,651.9,1023,50
2520,5,205.33,1026.65,1024,95
2521,4,89.63,358.52,1025,7
2522,5,22.43,112.15,1025,100
2523,2,51.8,103.6,1025,61
2524,3,171.7,515.1,1026,30
2525,2,250.7,501.4,1026,23
2526,2,235.22,470.44,1026,108
2527,6,67.02,402.12,1026,105
2528,2,13.16,26.32,1027,41
2529,6,156.39,938.34,1028,24
2530,4,13.56,54.24,1028,21
2531,1,43.77,43.77,1028,40
2532,2,76.98,153.96,1029,68
2533,6,106.26,637.56,1029,48
2534,4,141.06,564.24,1029,77
2535,6,26.58,159.48,1030,53
2536,3,86.81,260.43,1030,47
2537,5,122.29,611.45,1030,82
2538,6,57.2,343.2,1030,32
2539,4,130.38,521.52,1031,50
2540,1,53.61,53.61,1031,32
2541,3,34.58,103.74,1031,85
2542,5,182.06,910.3,1032,1
2543,2,60.89,121.78,1032,90
2544,3,136.73,410.19,1032,77
2545,3,52.87,158.61,1032,32
2546,5,180.25,901.25,1033,111
2547,3,58.2,174.6,1034,90
2548,2,231.22,462.44,1034,108
2549,5,21.07,105.35,1034,67
2550,1,92.75,92.75,1034,7
2551,3,179.27,537.81,1035,107
2552,1,5.19,5.19,1036,13
2553,5,135.8,679,1037,8
2554,1,193.53,193.53,1037,51
2555,3,132.88,398.64,1037,93
2556,6,55.51,333.06,1037,32
2557,1,114.52,114.52,1038,82
2558,5,113.45,567.25,1038,31
2559,4,253.45,1013.8,1038,28
2560,2,13.01,26.02,1039,36
2561,3,229.37,688.11,1040,71
2562,5,241.68,1208.4,1040,88
2563,6,43.27,259.62,1040,4
2564,4,180.56,722.24,1041,26
2565,5,165.9,829.5,1041,30
2566,1,103.9,103.9,1042,22
2567,5,161.02,805.1,1042,27
2568,4,141.27,565.08,1043,49
2569,4,132.77,531.08,1043,109
2570,2,195.3,390.6,1044,46
2571,3,140.45,421.35,1044,63
2572,3,241.97,725.91,1044,62
2573,2,5.56,11.12,1044,13
2574,1,155.02,155.02,1045,63
2575,3,95.59,286.77,1045,47
2576,3,94.81,284.43,1045,22
2577,5,226.48,1132.4,1046,62
2578,6,6.5,39,1046,94
2579,1,187.96,187.96,1046,51
2580,5,86.72,433.6,1047,7
2581,6,231.8,1390.8,1047,106
2582,6,23.71,142.26,1047,20
2583,4,26.78,107.12,1048,14
2584,3,47.14,141.42,1048,40
2585,2,13.81,27.62,1049,21
2586,4,157.61,630.44,1050,83
2587,6,43.28,259.68,1050,44
2588,6,12.79,76.74,1051,36
2589,2,135.8,271.6,1051,8
2590,3,110.24,330.72,1052,17
2591,1,46.29,46.29,1052,4
2592,1,186.93,186.93,1052,51
2593,2,193.53,387.06,1053,51
2594,1,154.64,154.64,1053,49
2595,6,125.34,752.04,1053,50
2596,4,248.48,993.92,1053,92
2597,2,61.89,123.78,1054,42
2598,1,116.38,116.38,1054,17
2599,1,19.98,19.98,1054,52
2600,3,89.63,268.89,1054,7
2601,1,262.78,262.78,1055,88
2602,3,171.5,514.5,1056,98
2603,2,114.8,229.6,1056,31
2604,1,247.67,247.67,1056,76
2605,5,66.38,331.9,1057,64
2606,3,55.53,166.59,1057,113
2607,3,195.3,585.9,1057,46
2608,6,133.1,798.6,1058,109
2609,3,251.78,755.34,1058,92
2610,2,44.41,88.82,1059,44
2611,3,180.56,541.68,1059,26
2612,3,83.11,249.33,1059,91
2613,5,13.51,67.55,1060,21
2614,5,204.56,1022.8,1061,46
2615,5,234.92,1174.6,1061,76
2616,4,45.45,181.8,1061,4
2617,3,56.14,168.42,1061,32
2618,3,191.23,573.69,1062,111
2619,3,76.9,230.7,1062,54
2620,4,209.66,838.64,1062,70
2621,3,105.59,316.77,1062,17
2622,3,72.1,216.3,1063,105
2623,6,143.56,861.36,1064,27
2624,6,23.9,143.4,1064,100
2625,2,25.37,50.74,1065,20
2626,1,154.71,154.71,1065,27
2627,2,139.46,278.92,1065,38
2628,5,223.26,1116.3,1065,95
2629,6,177.13,1062.78,1066,107
2630,4,231.66,926.64,1066,80
2631,1,231.22,231.22,1067,108
2632,1,44.51,44.51,1067,11
2633,1,42.71,42.71,1068,44
2634,1,231.51,231.51,1069,108
2635,6,19.81,118.86,1070,18
2636,4,83.11,332.44,1070,91
2637,6,25.18,151.08,1070,20
2638,6,248.36,1490.16,1070,101
2639,4,239.6,958.4,1071,56
2640,1,60.17,60.17,1072,90
2641,1,118.07,118.07,1072,31
2642,6,125.76,754.56,1072,50
2643,2,60.63,121.26,1073,39
2644,5,118.04,590.2,1073,2
2645,3,20.67,62.01,1073,86
2646,4,52.04,208.16,1074,110
2647,1,58.2,58.2,1074,90
2648,4,255.01,1020.04,1075,12
2649,2,170.39,340.78,1075,89
2650,6,116.01,696.06,1075,31
2651,2,103.9,207.8,1076,22
2652,5,238.84,1194.2,1077,56
2653,1,233.09,233.09,1077,72
2654,4,113.9,455.6,1077,17
2655,3,34.35,103.05,1077,85
2656,2,207.94,415.88,1078,70
2657,3,253.45,760.35,1078,28
2658,6,56.92,341.52,1079,113
2659,4,210.97,843.88,1079,99
2660,1,64.18,64.18,1079,39
2661,4,95.38,381.52,1080,57
2662,5,163.93,819.65,1081,98
2663,2,4.39,8.78,1082,43
2664,5,32.42,162.1,1082,85
2665,1,47.14,47.14,1083,40
2666,4,38.37,153.48,1083,15
2667,6,178.91,1073.46,1083,9
2668,4,247.67,990.68,1084,76
2669,2,238.84,477.68,1084,56
2670,6,130.82,784.92,1084,50
2671,3,230.33,690.99,1085,58
2672,2,163.75,327.5,1085,107
2673,3,19.98,59.94,1085,52
2674,5,89.63,448.15,1085,7
2675,2,238.89,477.78,1086,104
2676,4,59.33,237.32,1086,5
2677,5,12.98,64.9,1087,41
2678,4,241.97,967.88,1087,62
2679,4,52.04,208.16,1087,110
2680,5,32.97,164.85,1087,85
2681,2,232.01,464.02,1088,12
2682,3,227.22,681.66,1089,92
2683,1,138.23,138.23,1090,93
2684,3,240.14,720.42,1090,88
2685,6,13.64,81.84,1090,41
2686,3,10.97,32.91,1091,84
2687,2,126.63,253.26,1091,93
2688,3,205.33,615.99,1091,95
2689,3,204.56,613.68,1091,46
2690,1,98.05,98.05,1092,6
2691,2,53.47,106.94,1093,114
2692,3,78.5,235.5,1093,35
2693,2,26.58,53.16,1093,97
2694,3,94.9,284.7,1093,57
2695,1,6.79,6.79,1094,94
2696,3,148.46,445.38,1094,83
2697,1,60.07,60.07,1094,19
2698,1,60.63,60.63,1094,39
2699,1,26.2,26.2,1095,14
2700,6,181.87,1091.22,1095,89
2701,6,67.22,403.32,1096,105
2702,5,109.22,546.1,1097,2
2703,5,5.15,25.75,1097,13
2704,1,91.58,91.58,1098,7
2705,2,113.83,227.66,1098,82
2706,3,199.03,597.09,1099,73
2707,6,58.24,349.44,1099,90
2708,6,116.38,698.28,1099,17
2709,5,89.63,448.15,1099,7
2710,6,231.04,1386.24,1100,112
2711,1,136.77,136.77,1100,50
2712,1,45.92,45.92,1100,11
2713,2,250.41,500.82,1100,62
2714,2,121.5,243,1101,109
2715,4,231.66,926.64,1101,80
2716,5,245.44,1227.2,1101,69
2717,1,6.84,6.84,1101,94
2718,6,120.14,720.84,1102,2
2719,5,229.57,1147.85,1103,108
2720,2,46.88,93.76,1103,4
2721,4,52,208,1103,110
2722,3,110.69,332.07,1103,6
2723,1,126.83,126.83,1104,102
2724,1,67.23,67.23,1104,105
2725,2,193.42,386.84,1104,34
2726,5,231.05,1155.25,1105,72
2727,1,41.55,41.55,1105,44
2728,1,163.25,163.25,1106,87
2729,4,174.34,697.36,1106,107
2730,4,247.64,990.56,1106,92
2731,6,59.49,356.94,1106,19
2732,1,229.34,229.34,1107,108
2733,3,124.05,372.15,1107,81
2734,1,170.52,170.52,1107,87
2735,2,195.71,391.42,1108,51
2736,3,126.28,378.84,1109,102
2737,5,94.81,474.05,1109,22
2738,3,241.54,724.62,1110,80
2739,2,23.33,46.66,1111,67
2740,2,169.06,338.12,1111,33
2741,6,143.56,861.36,1111,27
2742,5,171.22,856.1,1111,107
2743,4,78.49,313.96,1112,91
2744,4,44.03,176.12,1112,4
2745,3,22.51,67.53,1112,52
2746,5,26.58,132.9,1113,53
2747,3,193.42,580.26,1114,34
2748,2,58.24,116.48,1114,90
2749,4,124.73,498.92,1114,38
2750,6,57.18,343.08,1114,19
2751,3,191.2,573.6,1115,111
2752,3,54.88,164.64,1115,110
2753,4,81.13,324.52,1115,91
2754,4,6.19,24.76,1116,94
2755,2,86.16,172.32,1117,57
2756,1,246.62,246.62,1117,23
2757,1,239.78,239.78,1118,101
2758,3,192.65,577.95,1118,51
2759,4,191.42,765.68,1119,1
2760,6,188.86,1133.16,1119,78
2761,4,25.64,102.56,1120,97
2762,6,46.88,281.28,1121,4
2763,2,233.16,466.32,1121,72
2764,2,187.11,374.22,1122,10
2765,2,186.93,373.86,1122,51
2766,3,140.91,422.73,1123,38
2767,2,249.84,499.68,1123,101
2768,3,45.44,136.32,1123,40
2769,1,136.77,136.77,1123,50
2770,5,248.11,1240.55,1124,45
2771,6,223.26,1339.56,1125,95
2772,3,21.98,65.94,1125,100
2773,3,171.39,514.17,1125,9
2774,3,33.23,99.69,1125,85
2775,4,88.85,355.4,1126,57
2776,6,251.37,1508.22,1126,69
2777,4,28.27,113.08,1127,53
2778,2,68.46,136.92,1128,64
2779,2,199.03,398.06,1129,73
2780,1,57.18,57.18,1129,19
2781,1,127.19,127.19,1130,38
2782,3,168.27,504.81,1130,75
2783,2,20.15,40.3,1130,86
2784,6,255.14,1530.84,1130,88
2785,4,217.45,869.8,1131,95
2786,3,71.03,213.09,1132,59
2787,1,194.3,194.3,1133,79
2788,4,257.05,1028.2,1133,12
2789,2,12.91,25.82,1133,41
2790,4,26.87,107.48,1134,97
2791,6,24,144,1135,100
2792,2,193.32,386.64,1135,79
2793,2,72.32,144.64,1136,105
2794,2,146.22,292.44,1137,37
2795,4,166.52,666.08,1137,98
2796,2,165.25,330.5,1137,24
2797,5,214.46,1072.3,1137,73
2798,5,235.45,1177.25,1138,112
2799,5,23.59,117.95,1138,20
2800,4,46.76,187.04,1138,40
2801,1,71.33,71.33,1139,64
2802,3,57.18,171.54,1140,19
2803,2,240.81,481.62,1141,104
2804,2,55.72,111.44,1141,19
2805,1,233.48,233.48,1142,112
2806,1,178.25,178.25,1142,26
2807,5,21.44,107.2,1142,86
2808,2,13.24,26.48,1143,41
2809,2,200.08,400.16,1143,55
2810,2,156.28,312.56,1143,24
2811,1,11.94,11.94,1144,36
2812,3,73.4,220.2,1144,35
2813,3,162.2,486.6,1145,98
2814,4,251.94,1007.76,1146,71
2815,3,52.82,158.46,1147,114
2816,5,239.97,1199.85,1147,101
2817,1,221.13,221.13,1147,99
2818,2,177.89,355.78,1148,9
2819,4,12.19,48.76,1148,36
2820,3,174.34,523.02,1148,107
2821,1,148.46,148.46,1149,83
2822,4,251.21,1004.84,1149,58
2823,2,153.41,306.82,1150,74
2824,2,166.95,333.9,1150,87
2825,2,79.24,158.48,1151,35
2826,4,257.57,1030.28,1152,88
2827,6,226.48,1358.88,1153,62
2828,3,221.39,664.17,1153,104
2829,2,250.61,501.22,1154,69
2830,2,95.88,191.76,1155,22
2831,2,154.2,308.4,1155,27
2832,5,29.37,146.85,1155,66
2833,5,238.12,1190.6,1155,92
2834,5,213.82,1069.1,1156,99
2835,3,43.86,131.58,1156,40
2836,6,126.72,760.32,1156,93
2837,4,251.21,1004.84,1157,58
2838,2,203.92,407.84,1157,70
2839,1,57.02,57.02,1157,114
2840,2,77.73,155.46,1158,68
2841,6,13.64,81.84,1158,41
2842,5,130.87,654.35,1159,50
2843,2,206.05,412.1,1159,73
2844,3,237.1,711.3,1159,88
2845,3,32.72,98.16,1160,85
2846,2,54.88,109.76,1160,110
2847,1,124.85,124.85,1161,82
2848,5,185.9,929.5,1161,51
2849,5,130.87,654.35,1162,50
2850,3,163.25,489.75,1162,87
2851,4,141.5,566,1162,63
2852,2,137.41,274.82,1162,77
2853,5,23.04,115.2,1163,100
2854,1,121.68,121.68,1164,2
2855,6,218.2,1309.2,1164,55
2856,1,12.91,12.91,1164,41
2857,4,194.3,777.2,1164,79
2858,6,200.31,1201.86,1165,70
2859,2,94.11,188.22,1166,103
2860,4,52.82,211.28,1166,110
2861,2,181.18,362.36,1166,107
2862,2,129.48,258.96,1167,109
2863,4,163.75,655,1168,107
2864,3,180.25,540.75,1168,111
2865,3,191.03,573.09,1168,51
2866,3,58.24,174.72,1168,90
2867,6,13.77,82.62,1169,41
2868,2,138.57,277.14,1169,74
2869,3,216.48,649.44,1169,72
2870,5,265.75,1328.75,1169,88
2871,4,23.97,95.88,1170,20
2872,1,103.9,103.9,1170,22
2873,1,258.16,258.16,1170,45
2874,3,189.08,567.24,1171,111
2875,3,189.87,569.61,1171,78
2876,5,177.13,885.65,1172,107
2877,3,223.84,671.52,1172,56
2878,4,235.66,942.64,1172,106
2879,2,223.6,447.2,1173,16
2880,4,54.88,219.52,1173,110
2881,2,156.58,313.16,1174,24
2882,5,244.53,1222.65,1174,76
2883,3,199.76,599.28,1174,95
2884,6,45.17,271.02,1174,11
2885,5,58.04,290.2,1175,5
2886,4,26.87,107.48,1176,97
2887,5,64.98,324.9,1176,42
2888,5,204.13,1020.65,1176,34
2889,3,95.04,285.12,1176,47
2890,2,22.33,44.66,1177,67
2891,6,163.25,979.5,1177,87
2892,4,237.11,948.44,1177,16
2893,3,253.65,760.95,1178,76
2894,1,145.38,145.38,1179,8
2895,5,12.81,64.05,1179,41
2896,3,75.2,225.6,1179,59
2897,3,229.37,688.11,1179,71
2898,1,110.49,110.49,1180,31
2899,3,204.56,613.68,1180,46
2900,1,19.78,19.78,1180,86
2901,4,118.38,473.52,1181,81
2902,4,78.49,313.96,1181,91
2903,2,195.06,390.12,1182,34
2904,1,52.21,52.21,1183,32
2905,2,257.05,514.1,1184,12
2906,3,95.17,285.51,1184,103
2907,5,248.11,1240.55,1185,45
2908,2,148.46,296.92,1185,83
2909,2,13.64,27.28,1185,41
2910,4,244.26,977.04,1186,23
2911,4,155.96,623.84,1187,87
2912,5,4.35,21.75,1188,43
2913,4,138.28,553.12,1189,8
2914,1,151.96,151.96,1189,83
2915,4,104.73,418.92,1189,65
2916,6,26.96,161.76,1190,53
2917,6,69.55,417.3,1190,59
2918,5,98.1,490.5,1190,6
2919,3,5.64,16.92,1191,13
2920,3,10.45,31.35,1192,84
2921,5,13.44,67.2,1192,21
2922,2,196.06,392.12,1193,73
2923,5,20.07,100.35,1193,86
2924,4,141.13,564.52,1194,25
2925,6,141.5,849,1195,63
2926,3,147.13,441.39,1196,83
2927,1,23.52,23.52,1196,20
2928,2,199.03,398.06,1197,73
2929,1,162.2,162.2,1197,98
2930,5,23.26,116.3,1197,20
2931,5,46.03,230.15,1198,11
2932,2,122.33,244.66,1198,102
2933,6,155.17,931.02,1199,87
2934,4,167.03,668.12,1199,9
2935,6,165.25,991.5,1199,24
2936,5,52.52,262.6,1200,114
2937,1,130.87,130.87,1201,50
2938,5,101.18,505.9,1201,22
2939,6,141.13,846.78,1202,25
2940,3,199.58,598.74,1202,51
2941,1,218.97,218.97,1203,73
2942,1,108.35,108.35,1203,17
2943,2,236.44,472.88,1203,16
2944,1,19.81,19.81,1204,18
2945,6,227.56,1365.36,1205,62
2946,1,23.59,23.59,1205,20
2947,2,41.81,83.62,1205,15
2948,3,249.2,747.6,1206,106
2949,3,27.44,82.32,1206,14
2950,4,156.58,626.32,1207,24
2951,6,41.67,250.02,1207,15
2952,3,118.07,354.21,1207,31
2953,3,230.88,692.64,1208,80
2954,6,250.31,1501.86,1208,71
2955,4,91.2,364.8,1208,57
2956,4,77.73,310.92,1208,68
2957,3,62.11,186.33,1209,19
2958,5,142.92,714.6,1209,63
2959,1,113.9,113.9,1209,17
2960,2,141.13,282.26,1209,25
2961,4,68.41,273.64,1210,105
2962,2,237.02,474.04,1210,108
2963,2,246.97,493.94,1210,71
2964,5,140.4,702,1211,63
2965,5,218.2,1091,1212,55
2966,6,153.56,921.36,1212,60
2967,6,154.92,929.52,1213,27
2968,4,218.85,875.4,1213,108
2969,4,218.11,872.44,1213,56
2970,5,142.01,710.05,1213,25
2971,5,241.89,1209.45,1214,16
2972,2,76.76,153.52,1214,68
2973,1,154.01,154.01,1215,63
2974,1,28.72,28.72,1215,66
2975,2,203.19,406.38,1216,79
2976,1,10.44,10.44,1216,84
2977,3,232.01,696.03,1216,12
2978,5,60.54,302.7,1217,39
2979,4,151.33,605.32,1217,24
2980,2,186.68,373.36,1218,46
2981,3,43.81,131.43,1218,40
2982,1,76.46,76.46,1218,54
2983,3,242.72,728.16,1218,80
2984,4,219.72,878.88,1219,108
2985,5,22.49,112.45,1220,100
2986,1,13.01,13.01,1220,36
2987,6,231.23,1387.38,1220,92
2988,3,106.58,319.74,1220,48
2989,5,237.06,1185.3,1221,88
2990,3,66.6,199.8,1222,96
2991,2,31.13,62.26,1222,85
2992,2,126.45,252.9,1223,93
2993,4,14,56,1223,21
2994,6,25.06,150.36,1223,53
2995,4,218.48,873.92,1224,55
2996,3,117.76,353.28,1224,82
2997,1,25.39,25.39,1224,53
2998,2,211.56,423.12,1224,95
2999,5,55.84,279.2,1225,113
3000,4,250.11,1000.44,1226,69
3001,3,223.77,671.31,1226,112
3002,5,20.07,100.35,1226,86
3003,1,229.29,229.29,1227,58
3004,6,60.17,361.02,1227,90
3005,4,42.33,169.32,1227,44
3006,4,244.53,978.12,1227,76
3007,5,146.29,731.45,1228,27
3008,5,26.83,134.15,1228,53
3009,3,249.74,749.22,1229,16
3010,2,25.34,50.68,1230,53
3011,5,79.24,396.2,1230,35
3012,6,33.8,202.8,1230,85
3013,1,107.98,107.98,1230,6
3014,1,176.04,176.04,1231,111
3015,5,160.39,801.95,1232,60
3016,2,67.22,134.44,1232,105
3017,6,11.05,66.3,1233,84
3018,1,138.28,138.28,1233,8
3019,2,201.69,403.38,1233,79
3020,5,81.13,405.65,1233,91
3021,4,217.04,868.16,1234,34
3022,6,248.48,1490.88,1235,92
3023,4,211.57,846.28,1235,112
3024,6,239.59,1437.54,1235,88
3025,3,62.11,186.33,1236,19
3026,3,89.74,269.22,1236,47
3027,2,159.38,318.76,1237,87
3028,2,236.43,472.86,1238,58
3029,6,55.59,333.54,1238,61
3030,2,222.46,444.92,1238,108
3031,2,101.18,202.36,1239,22
3032,4,137.41,549.64,1239,77
3033,2,141.5,283,1239,63
3034,3,89.63,268.89,1240,7
3035,2,201.8,403.6,1240,70
3036,3,63.68,191.04,1241,42
3037,4,179.66,718.64,1241,75
3038,6,43.86,263.16,1241,40
3039,4,61.44,245.76,1242,19
3040,3,114.8,344.4,1243,31
3041,6,141.13,846.78,1243,25
3042,5,247.67,1238.35,1243,76
3043,4,256.97,1027.88,1243,92
3044,3,53.49,160.47,1244,32
3045,1,241.89,241.89,1245,16
3046,4,5.56,22.24,1245,13
3047,4,114.67,458.68,1245,17
3048,3,111.92,335.76,1246,82
3049,1,108.29,108.29,1247,6
3050,3,251.94,755.82,1248,71
3051,5,50.02,250.1,1249,61
3052,6,250.11,1500.66,1249,69
3053,2,170.24,340.48,1249,10
3054,3,203.96,611.88,1250,29
3055,3,148.47,445.41,1250,8
3056,6,219.14,1314.84,1250,72
3057,5,12.73,63.65,1250,21
3058,1,218.11,218.11,1251,56
3059,5,183.85,919.25,1251,111
3060,4,187.76,751.04,1252,51
3061,4,58.74,234.96,1252,5
3062,2,52.36,104.72,1252,114
3063,1,116.38,116.38,1253,17
3064,4,13.16,52.64,1253,41
3065,2,138.3,276.6,1253,77
3066,3,45.3,135.9,1253,11
3067,4,39.62,158.48,1254,15
3068,1,61.07,61.07,1254,39
3069,4,46.76,187.04,1255,40
3070,2,207.98,415.96,1255,95
3071,1,105.59,105.59,1256,17
3072,3,25.17,75.51,1256,20
3073,2,252.05,504.1,1256,71
3074,4,229.37,917.48,1257,104
3075,3,64.04,192.12,1257,90
3076,6,179.77,1078.62,1257,26
3077,6,171.22,1027.32,1257,107
3078,5,169.25,846.25,1258,30
3079,6,95.04,570.24,1258,103
3080,5,122.29,611.45,1258,82
3081,5,230.84,1154.2,1258,72
3082,2,101.18,202.36,1259,22
3083,6,169.12,1014.72,1260,3
3084,5,202.39,1011.95,1261,1
3085,2,150.9,301.8,1261,37
3086,5,78.83,394.15,1262,91
3087,6,138.42,830.52,1262,38
3088,3,112.85,338.55,1263,82
3089,2,30.46,60.92,1263,66
3090,2,43.27,86.54,1264,4
3091,6,233.01,1398.06,1264,12
3092,5,241.68,1208.4,1264,88
3093,3,45.02,135.06,1264,11
3094,4,242.72,970.88,1265,80
3095,5,166.85,834.25,1265,24
3096,2,233.16,466.32,1265,72
3097,5,230.88,1154.4,1266,80
3098,5,141.74,708.7,1266,8
3099,2,46.03,92.06,1266,11
3100,4,66.13,264.52,1267,64
3101,3,13.7,41.1,1267,21
3102,1,27.65,27.65,1268,97
3103,6,23.71,142.26,1268,20
3104,4,160.84,643.36,1269,33
3105,6,125.34,752.04,1269,50
3106,5,193.53,967.65,1269,51
3107,6,233.16,1398.96,1269,72
3108,1,160.46,160.46,1270,27
3109,1,213.63,213.63,1271,29
3110,6,116.28,697.68,1271,81
3111,1,246.14,246.14,1271,23
3112,4,126.46,505.84,1272,109
3113,4,45.92,183.68,1272,11
3114,4,13.52,54.08,1272,41
3115,2,239.69,479.38,1272,69
3116,3,6.28,18.84,1273,94
3117,6,44.93,269.58,1273,4
3118,4,153.31,613.24,1273,83
3119,3,56.01,168.03,1273,19
3120,2,158.46,316.92,1274,33
3121,5,180.94,904.7,1274,75
3122,3,200.66,601.98,1275,1
3123,3,144.02,432.06,1275,77
3124,1,160.09,160.09,1275,30
3125,3,148.49,445.47,1275,49
3126,3,69.26,207.78,1276,96
3127,4,19.81,79.24,1276,18
3128,1,104.73,104.73,1277,65
3129,6,187.1,1122.6,1277,75
3130,1,214.6,214.6,1277,95
3131,6,13.9,83.4,1278,21
3132,2,93.82,187.64,1278,7
3133,3,106.02,318.06,1278,65
3134,5,21.51,107.55,1279,52
3135,3,73.86,221.58,1280,59
3136,1,120.1,120.1,1280,81
3137,4,76.46,305.84,1280,54
3138,5,25.18,125.9,1280,20
3139,5,148.51,742.55,1281,74
3140,5,110.24,551.2,1281,17
3141,3,153.56,460.68,1281,60
3142,4,257.05,1028.2,1281,12
3143,5,21.54,107.7,1282,52
3144,4,6.79,27.16,1282,94
3145,2,250.31,500.62,1282,71
3146,2,31.13,62.26,1282,85
3147,4,65.49,261.96,1283,42
3148,3,163.93,491.79,1283,98
3149,3,237.39,712.17,1283,45
3150,3,58.38,175.14,1283,39
3151,3,42.33,126.99,1284,44
3152,1,55.72,55.72,1284,19
3153,2,117.21,234.42,1284,82
3154,5,226.86,1134.3,1285,108
3155,1,183.43,183.43,1286,79
3156,2,12.73,25.46,1286,36
3157,2,60.63,121.26,1286,39
3158,3,248.11,744.33,1286,45
3159,4,195.3,781.2,1287,46
3160,1,242.55,242.55,1287,58
3161,6,134.96,809.76,1287,93
3162,1,257.8,257.8,1287,23
3163,6,151.22,907.32,1288,27
3164,4,60.55,242.2,1288,39
3165,1,153.31,153.31,1288,83
3166,5,108.9,544.5,1289,48
3167,4,250.41,1001.64,1289,62
3168,2,107.3,214.6,1290,17
3169,5,19.94,99.7,1290,52
3170,2,231.8,463.6,1291,106
3171,6,152.05,912.3,1292,77
3172,1,226.63,226.63,1292,108
3173,3,52.82,158.46,1292,110
3174,5,170.23,851.15,1292,3
3175,2,247.51,495.02,1293,16
3176,1,22.78,22.78,1294,67
3177,5,24.11,120.55,1294,20
3178,6,61.06,366.36,1294,90
3179,1,257.86,257.86,1295,71
3180,5,146.29,731.45,1295,27
3181,4,10.44,41.76,1295,84
3182,6,186.93,1121.58,1296,51
3183,5,53.61,268.05,1296,32
3184,4,61.06,244.24,1297,90
3185,1,126.22,126.22,1297,38
3186,4,61.44,245.76,1298,19
3187,2,171.23,342.46,1298,33
3188,6,98.1,588.6,1298,6
3189,1,52.05,52.05,1298,61
3190,5,109.72,548.6,1299,65
3191,4,154.64,618.56,1300,49
3192,2,44.41,88.82,1300,44
3193,2,19.81,39.62,1300,18
3194,2,180.56,361.12,1300,26
3195,2,238.84,477.68,1301,56
3196,4,45.44,181.76,1302,40
3197,5,84.1,420.5,1302,91
3198,3,139.02,417.06,1302,25
3199,6,59.97,359.82,1302,5
3200,5,127.03,635.15,1303,25
3201,4,100.24,400.96,1304,6
3202,5,170.63,853.15,1305,87
3203,5,25.34,126.7,1305,53
3204,5,41.55,207.75,1306,44
3205,4,121.68,486.72,1306,2
3206,6,25.31,151.86,1306,14
3207,1,53.47,53.47,1306,114
3208,5,96.12,480.6,1307,103
3209,4,69.55,278.2,1308,59
3210,1,6.27,6.27,1308,94
3211,4,145.9,583.6,1309,74
3212,5,52.92,264.6,1309,114
3213,4,233.09,932.36,1310,72
3214,3,256.97,770.91,1310,92
3215,4,197.87,791.48,1310,70
3216,5,141.13,705.65,1310,25
3217,6,31.13,186.78,1311,85
3218,1,230.88,230.88,1311,80
3219,2,52.71,105.42,1311,113
3220,6,250.31,1501.86,1311,71
3221,2,179.19,358.38,1312,51
3222,3,156.91,470.73,1313,74
3223,5,163.48,817.4,1313,30
3224,5,199.5,997.5,1313,95
3225,2,192.64,385.28,1314,34
3226,5,254.49,1272.45,1315,71
3227,5,106.79,533.95,1315,65
3228,1,60.53,60.53,1315,39
3229,6,113.03,678.18,1315,31
3230,3,50.02,150.06,1316,61
3231,6,147.35,884.1,1316,60
3232,6,148.46,890.76,1317,83
3233,4,61.06,244.24,1317,90
3234,3,251.21,753.63,1317,58
3235,5,120,600,1318,31
3236,6,187.76,1126.56,1318,51
3237,2,95.88,191.76,1318,22
3238,6,21.09,126.54,1319,18
3239,4,89.63,358.52,1319,7
3240,5,159.31,796.55,1320,37
3241,3,81.13,243.39,1321,91
3242,6,13.19,79.14,1321,21
3243,6,111.59,669.54,1321,81
3244,3,210.97,632.91,1321,99
3245,2,59.49,118.98,1322,19
3246,6,72.53,435.18,1322,64
3247,1,163.25,163.25,1322,87
3248,3,183.54,550.62,1322,51
3249,1,19.78,19.78,1323,86
3250,5,12.81,64.05,1324,21
3251,2,23.26,46.52,1325,20
3252,6,231.51,1389.06,1325,108
3253,4,140.27,561.08,1325,74
3254,4,22.43,89.72,1325,100
3255,1,76.06,76.06,1326,54
3256,2,149.21,298.42,1326,27
3257,4,45.24,180.96,1327,40
3258,4,154.2,616.8,1327,27
3259,3,124.05,372.15,1328,81
3260,2,223.45,446.9,1328,95
3261,1,173.47,173.47,1328,26
3262,2,233.16,466.32,1329,72
3263,4,52.05,208.2,1330,61
3264,2,21.37,42.74,1331,67
3265,1,91.58,91.58,1332,7
3266,5,57.78,288.9,1332,113
3267,4,115.83,463.32,1332,2
3268,2,179.77,359.54,1332,26
3269,6,251.78,1510.68,1333,92
3270,3,235.21,705.63,1333,28
3271,3,242.82,728.46,1333,76
3272,1,125.18,125.18,1334,38
3273,1,161.55,161.55,1334,87
3274,2,152.3,304.6,1334,27
3275,6,240.54,1443.24,1335,104
3276,2,238.46,476.92,1335,16
3277,3,56.14,168.42,1335,32
3278,4,199.76,799.04,1336,95
3279,2,57.76,115.52,1336,5
3280,3,95.89,287.67,1337,47
3281,1,218.48,218.48,1337,55
3282,1,239.29,239.29,1337,71
3283,1,66.6,66.6,1338,96
3284,3,244.34,733.02,1339,106
3285,5,113.9,569.5,1339,17
3286,1,148.14,148.14,1340,83
3287,5,115.18,575.9,1341,81
3288,3,86.29,258.87,1342,91
3289,2,233.93,467.86,1342,72
3290,3,90.58,271.74,1342,47
3291,4,222.12,888.48,1342,101
3292,3,178.91,536.73,1343,9
3293,2,59.63,119.26,1344,19
3294,5,20.86,104.3,1344,67
3295,6,255.63,1533.78,1345,76
3296,1,196.59,196.59,1345,1
3297,3,199.03,597.09,1346,73
3298,3,58.24,174.72,1346,90
3299,6,226.72,1360.32,1346,56
3300,5,61.89,309.45,1346,42
3301,1,180.25,180.25,1347,111
3302,1,124.42,124.42,1347,109
3303,6,96.73,580.38,1348,57
3304,1,80.96,80.96,1349,68
3305,2,229.37,458.74,1349,104
3306,2,4.31,8.62,1350,43
3307,2,114.8,229.6,1351,31
3308,5,118.38,591.9,1351,81
3309,4,71.46,285.84,1351,105
3310,6,129.03,774.18,1352,102
3311,1,6.28,6.28,1352,94
3312,6,240.23,1441.38,1352,69
3313,5,106.02,530.1,1352,65
3314,2,5.08,10.16,1353,13
3315,3,169.85,509.55,1353,9
3316,4,198.69,794.76,1353,1
3317,2,59.61,119.22,1354,90
3318,3,206.05,618.15,1354,73
3319,2,183.54,367.08,1354,51
3320,2,203.92,407.84,1355,70
3321,4,77.73,310.92,1355,68
3322,5,61.06,305.3,1355,90
3323,2,42.18,84.36,1356,11
3324,5,142.16,710.8,1356,83
3325,5,252.24,1261.2,1356,106
3326,2,81.68,163.36,1357,68
3327,6,239.59,1437.54,1357,88
3328,6,47.14,282.84,1358,40
3329,6,25.39,152.34,1358,53
3330,4,117.76,471.04,1358,82
3331,2,237.11,474.22,1358,16
3332,6,223.26,1339.56,1359,95
3333,5,241.31,1206.55,1359,108
3334,1,177.31,177.31,1359,75
3335,5,95.89,479.45,1360,47
3336,5,116.28,581.4,1360,81
3337,6,52.91,317.46,1360,61
3338,1,42.71,42.71,1360,44
3339,1,89.74,89.74,1361,47
3340,2,42,84,1361,15
3341,3,188.04,564.12,1362,3
3342,3,197.93,593.79,1363,55
3343,5,137.69,688.45,1363,8
3344,3,162.2,486.6,1364,98
3345,6,43.28,259.68,1364,44
3346,3,6.89,20.67,1364,94
3347,4,52.72,210.88,1365,110
3348,2,222.63,445.26,1365,104
3349,1,167.67,167.67,1366,107
3350,6,22.31,133.86,1366,52
3351,1,24.27,24.27,1366,20
3352,6,44.6,267.6,1367,11
3353,5,158.36,791.8,1367,30
3354,2,163.35,326.7,1367,37
3355,2,22.33,44.66,1367,67
3356,4,183,732,1368,1
3357,6,153.41,920.46,1369,74
3358,4,259.09,1036.36,1369,58
3359,4,123.56,494.24,1369,102
3360,4,52.82,211.28,1370,114
3361,4,246.62,986.48,1370,23
3362,5,244.53,1222.65,1370,76
3363,3,52.82,158.46,1371,114
3364,6,41.67,250.02,1371,15
3365,2,246.62,493.24,1371,23
3366,5,247.3,1236.5,1372,62
3367,3,25.31,75.93,1373,14
3368,2,12.41,24.82,1373,36
3369,1,231.35,231.35,1373,71
3370,4,166.95,667.8,1374,87
3371,1,60.76,60.76,1374,42
3372,6,105.3,631.8,1374,22
3373,1,138.21,138.21,1374,50
3374,6,13.16,78.96,1375,41
3375,1,167.88,167.88,1375,87
3376,3,257.57,772.71,1375,88
3377,1,22.43,22.43,1375,100
3378,2,160.39,320.78,1376,60
3379,1,129.03,129.03,1377,102
3380,2,6.28,12.56,1377,94
3381,5,185.86,929.3,1377,78
3382,2,12.81,25.62,1378,41
3383,1,105.33,105.33,1378,48
3384,3,200.18,600.54,1378,78
3385,4,67.02,268.08,1379,105
3386,5,141.84,709.2,1379,50
3387,3,115.83,347.49,1379,2
3388,3,27.72,83.16,1379,14
3389,1,27.28,27.28,1380,53
3390,6,46.76,280.56,1380,40
3391,4,65.85,263.4,1380,64
3392,3,143.52,430.56,1381,74
3393,1,148.46,148.46,1381,83
3394,2,106.58,213.16,1382,48
3395,2,209.66,419.32,1382,70
3396,4,204.13,816.52,1382,34
3397,3,141.27,423.81,1383,49
3398,4,102.29,409.16,1383,65
3399,1,133.62,133.62,1383,50
3400,5,115.83,579.15,1384,2
3401,1,106.58,106.58,1385,48
3402,6,44.93,269.58,1385,4
3403,4,240.87,963.48,1385,104
3404,4,31.22,124.88,1385,66
3405,4,237.39,949.56,1386,45
3406,2,126.46,252.92,1386,109
3407,2,6.89,13.78,1387,94
3408,3,22.43,67.29,1387,100
3409,1,24.88,24.88,1388,20
3410,1,44.09,44.09,1388,11
3411,6,87.78,526.68,1388,91
3412,2,62.88,125.76,1389,96
3413,3,132.88,398.64,1390,93
3414,1,126.6,126.6,1391,93
3415,1,246.55,246.55,1391,62
3416,6,182.63,1095.78,1392,89
3417,3,53.83,161.49,1392,113
3418,5,10.44,52.2,1393,84
3419,4,134.96,539.84,1394,93
3420,5,12.79,63.95,1395,36
3421,1,248.28,248.28,1395,12
3422,5,234.92,1174.6,1396,76
3423,3,122.85,368.55,1396,2
3424,2,242.71,485.42,1396,92
3425,1,204,204,1397,95
3426,4,12.98,51.92,1397,41
3427,1,239.6,239.6,1397,56
3428,1,5.19,5.19,1398,13
3429,4,86.81,347.24,1398,47
3430,3,139.46,418.38,1398,38
3431,3,57.78,173.34,1399,113
3432,3,60.07,180.21,1400,19
3433,3,66.6,199.8,1400,96
3434,3,57.55,172.65,1401,114
3435,2,26.85,53.7,1401,14
3436,2,183,366,1402,1
3437,4,136.77,547.08,1402,50
3438,5,143.19,715.95,1402,49
3439,2,103.88,207.76,1403,22
3440,3,154.9,464.7,1403,63
3441,2,249.6,499.2,1403,80
3442,3,246.13,738.39,1403,92
3443,1,187.11,187.11,1404,10
3444,3,213.6,640.8,1404,70
3445,6,12.91,77.46,1404,41
3446,5,55.51,277.55,1405,32
3447,2,68.46,136.92,1406,64
3448,1,45.02,45.02,1406,11
3449,3,6.54,19.62,1406,94
3450,1,183.1,183.1,1406,107
3451,1,116.38,116.38,1407,17
3452,4,21.09,84.36,1407,18
3453,2,230.33,460.66,1407,58
3454,2,251.94,503.88,1407,71
3455,1,202.39,202.39,1408,1
3456,4,247.67,990.68,1408,76
3457,1,238.84,238.84,1408,56
3458,4,19.98,79.92,1409,52
3459,1,21.09,21.09,1409,18
3460,3,58.38,175.14,1410,39
3461,4,116.43,465.72,1410,31
3462,6,52.92,317.52,1410,114
3463,6,175.94,1055.64,1410,89
3464,5,250.7,1253.5,1411,23
3465,5,237.95,1189.75,1411,69
3466,2,46.57,93.14,1411,11
3467,1,114.8,114.8,1412,31
3468,4,12.42,49.68,1412,41
3469,2,132.77,265.54,1413,109
3470,4,25.64,102.56,1413,97
3471,1,61.73,61.73,1413,19
3472,6,51.57,309.42,1413,32
3473,3,111.92,335.76,1414,82
3474,2,180.47,360.94,1414,51
3475,6,10.3,61.8,1414,84
3476,4,95.38,381.52,1414,57
3477,6,156.75,940.5,1415,30
3478,6,136.04,816.24,1415,50
3479,1,236.56,236.56,1416,28
3480,2,98.98,197.96,1417,48
3481,6,12.98,77.88,1417,41
3482,4,65.64,262.56,1418,96
3483,2,56.09,112.18,1418,5
3484,4,226.48,905.92,1418,62
3485,4,14.29,57.16,1419,21
3486,2,98.1,196.2,1420,6
3487,5,237.1,1185.5,1421,88
3488,2,59.61,119.22,1421,90
3489,6,247.64,1485.84,1421,92
3490,1,157.76,157.76,1422,33
3491,1,156.67,156.67,1422,30
3492,1,30.59,30.59,1422,66
3493,2,119.25,238.5,1423,17
3494,4,182.73,730.92,1423,9
3495,2,62.2,124.4,1423,90
3496,3,207.98,623.94,1423,95
3497,4,52.86,211.44,1424,61
3498,3,142.92,428.76,1424,63
3499,5,76.98,384.9,1424,54
3500,1,222.05,222.05,1425,62
3501,3,24.64,73.92,1425,20
3502,4,156.32,625.28,1425,49
3503,2,77.46,154.92,1426,59
3504,6,155.62,933.72,1426,49
3505,1,52.36,52.36,1426,114
3506,4,198.02,792.08,1426,70
3507,1,214.72,214.72,1427,95
3508,5,242.72,1213.6,1427,80
3509,4,57.76,231.04,1428,5
3510,3,239.59,718.77,1429,88
3511,1,13.53,13.53,1430,41
3512,2,235.22,470.44,1431,108
3513,4,252.33,1009.32,1431,80
3514,4,214.72,858.88,1432,95
3515,4,233.16,932.64,1432,72
3516,4,221.46,885.84,1432,55
3517,5,232.01,1160.05,1433,12
3518,4,5.06,20.24,1433,13
3519,6,237.95,1427.7,1434,69
3520,4,240.14,960.56,1435,88
3521,6,251.21,1507.26,1435,58
3522,4,238.12,952.48,1436,92
3523,3,41.67,125.01,1437,15
3524,4,258.16,1032.64,1437,45
3525,2,89.16,178.32,1438,103
3526,6,183.74,1102.44,1439,78
3527,6,99.68,598.08,1439,65
3528,6,233.93,1403.58,1439,72
3529,1,171.22,171.22,1439,107
3530,3,148.6,445.8,1440,37
3531,6,148.04,888.24,1441,74
3532,2,73.08,146.16,1441,59
3533,3,252.24,756.72,1441,106
3534,2,14,28,1441,21
3535,2,55.72,111.44,1442,19
3536,1,103.9,103.9,1442,22
3537,5,246.62,1233.1,1442,23
3538,4,59.61,238.44,1443,90
3539,5,143.56,717.8,1444,27
3540,4,183.85,735.4,1445,111
3541,4,56.26,225.04,1445,5
3542,5,194.52,972.6,1445,1
3543,4,171.23,684.92,1445,33
3544,2,247.64,495.28,1446,92
3545,4,218.48,873.92,1446,55
3546,4,204,816,1447,95
3547,3,155.96,467.88,1447,87
3548,4,211.39,845.56,1447,73
3549,4,171.5,686,1448,98
3550,4,60.77,243.08,1448,90
3551,4,244.26,977.04,1449,23
3552,4,172.83,691.32,1449,9
3553,5,20.07,100.35,1449,86
3554,2,238.12,476.24,1450,92
3555,4,220.36,881.44,1450,104
3556,4,233.21,932.84,1450,72
3557,2,205.33,410.66,1451,95
3558,3,181.02,543.06,1451,75
3559,2,76.98,153.96,1451,68
3560,5,13.16,65.8,1452,41
3561,4,157.61,630.44,1452,83
3562,1,112.1,112.1,1453,17
3563,1,107.08,107.08,1453,48
3564,5,160.92,804.6,1453,24
3565,3,203.19,609.57,1453,79
3566,1,141.64,141.64,1454,63
3567,4,166.85,667.4,1454,24
3568,1,248.28,248.28,1454,12
3569,2,73.86,147.72,1454,59
3570,6,63.39,380.34,1455,39
3571,4,84.06,336.24,1456,7
3572,3,235.21,705.63,1456,28
3573,4,41.56,166.24,1456,44
3574,4,242.82,971.28,1456,76
3575,3,6.28,18.84,1457,94
3576,1,150.14,150.14,1457,37
3577,4,83.11,332.44,1458,91
3578,5,221.46,1107.3,1458,55
3579,2,107.55,215.1,1458,31
3580,6,141.64,849.84,1458,63
3581,1,167.34,167.34,1459,24
3582,4,144.14,576.56,1459,49
3583,1,171.39,171.39,1459,9
3584,1,155.37,155.37,1460,74
3585,1,152.05,152.05,1460,77
3586,3,148.13,444.39,1460,83
3587,4,57.78,231.12,1461,113
3588,3,60.17,180.51,1462,90
3589,5,42.33,211.65,1462,44
3590,5,148.6,743,1463,37
3591,2,79.86,159.72,1464,68
3592,1,118.07,118.07,1464,31
3593,4,101.18,404.72,1464,48
3594,6,41.67,250.02,1464,15
3595,5,186.68,933.4,1465,46
3596,3,12.79,38.37,1465,36
3597,6,221.76,1330.56,1466,29
3598,5,195.3,976.5,1467,46
3599,3,257.8,773.4,1467,23
3600,3,184.15,552.45,1467,79
3601,2,23.37,46.74,1467,20
3602,4,95.17,380.68,1468,103
3603,5,203.36,1016.8,1468,46
3604,6,231.35,1388.1,1468,71
3605,1,218.2,218.2,1469,55
3606,5,91.58,457.9,1470,7
3607,1,246.62,246.62,1471,23
3608,3,60.17,180.51,1471,90
3609,6,141.27,847.62,1472,49
3610,1,140.38,140.38,1472,8
3611,5,244.26,1221.3,1472,23
3612,1,160.92,160.92,1472,24
3613,3,106.58,319.74,1473,48
3614,4,218.4,873.6,1473,73
3615,1,229.34,229.34,1473,108
3616,5,256.97,1284.85,1474,92
3617,4,202.39,809.56,1474,1
3618,5,195.18,975.9,1475,73
3619,1,229.62,229.62,1475,112
3620,6,58.6,351.6,1476,113
3621,1,170.66,170.66,1476,3
3622,4,35.19,140.76,1476,85
3623,5,61.96,309.8,1477,90
3624,2,110.73,221.46,1477,6
3625,4,146.29,585.16,1477,27
3626,2,156.67,313.34,1477,30
3627,4,12.21,48.84,1478,36
3628,4,220.36,881.44,1478,104
3629,4,140.45,561.8,1478,63
3630,5,239.6,1198,1478,56
3631,3,237.11,711.33,1479,16
3632,2,156.28,312.56,1480,24
3633,4,56.76,227.04,1480,19
3634,3,171.39,514.17,1480,9
3635,1,257.8,257.8,1481,23
3636,2,207.46,414.92,1482,29
3637,5,113.83,569.15,1482,82
3638,1,97.36,97.36,1482,48
3639,2,77.74,155.48,1482,35
3640,1,117.76,117.76,1483,82
3641,5,251.94,1259.7,1484,71
3642,6,108.9,653.4,1484,48
3643,5,143.52,717.6,1485,74
3644,2,61.06,122.12,1485,90
3645,1,148.46,148.46,1485,83
3646,1,22.78,22.78,1485,67
3647,2,60.53,121.06,1486,39
3648,5,209.26,1046.3,1486,29
3649,1,33.23,33.23,1486,85
3650,4,231.97,927.88,1486,101
3651,5,248.28,1241.4,1487,12
3652,1,193.53,193.53,1487,51
3653,4,110.69,442.76,1487,6
3654,2,22.45,44.9,1487,67
3655,2,12.21,24.42,1488,36
3656,3,155.62,466.86,1488,49
3657,6,239.6,1437.6,1488,56
3658,3,73.97,221.91,1489,59
3659,4,53.65,214.6,1489,114
3660,6,151.33,907.98,1489,24
3661,5,59.79,298.95,1490,19
3662,4,121,484,1490,109
3663,2,84.16,168.32,1490,7
3664,3,182.06,546.18,1490,1
3665,4,156.58,626.32,1491,24
3666,6,249.74,1498.44,1492,16
3667,5,238,1190,1492,106
3668,4,141.87,567.48,1492,63
3669,6,57.55,345.3,1493,114
3670,4,26.35,105.4,1493,97
3671,4,59.45,237.8,1493,39
3672,6,242.82,1456.92,1494,76
3673,3,229.62,688.86,1494,112
3674,3,204.49,613.47,1494,46
3675,2,146.29,292.58,1494,27
3676,6,45.92,275.52,1495,11
3677,4,29.64,118.56,1496,66
3678,5,216.36,1081.8,1497,72
3679,3,42.82,128.46,1497,15
3680,3,26.43,79.29,1497,14
3681,6,220.91,1325.46,1497,112
3682,2,180.47,360.94,1498,51
3683,6,13.24,79.44,1499,41
3684,1,190.79,190.79,1499,10
3685,4,134.96,539.84,1500,93
3686,5,155.96,779.8,1500,87
3687,3,98.98,296.94,1500,48
